Var 1	Var 2	Var 3	Var 4	Var 5	Var 6	Var 7	Var 8	Var 9	Var 10	Var 11	Var 12	Var 13	Var 14	Var 15	Var 16	Var 17	Var 18	Var 19	Var 20	Var 21	Var 22	Var 23	Var 24	Var 25	Var 26	Var 27	Var 28	Var 29	Var 30	Var 31	Var 32	Var 33	Var 34	Var 35	Var 36	Var 37	Var 38	Var 39	Var 40	Var 41	Var 42	Var 43	Var 44
0.6835273293	0.0079943507	0	0.8309037901	0.7044534413	1	1	0.2148760331	0.0387596899	0.0787589499	0	1	0.0228370221	0.0322580645	0.9846153846	0.1937086093	0.0092114959	0.0347222222	0.0298060653	0.8817056396	0.1117647059	0.0505777609	0.175076888	0.9886524823	0.1015625	0.5709251101	0.9950537268	0	0.7212065814	0.8484573503	0.0491573034	0.248850046	0	0	0	0	0.1140819964	0.05	0.0755667506	0.0484018265	1	0.4519230769	0	0
0.7908062007	0.0266478355	0.011081488	0.8644314869	0.7759784076	0.9879518072	0.91	0.2066115702	0.0348837209	0.0823389021	0.0149904822	1	0.0379275654	0.0483870968	0.9846153846	0.2458609272	0.0692704495	0.0173611111	0.0464662241	0.7386519945	0.1823529412	0.0543663573	0.1889736872	0.984822695	0.109375	0.5612334802	0.9938597987	0.0148959744	0.7321755027	0.8656987296	0.0491573034	0.2723091076	0.00234375	0.0032485111	0.0228426396	0.0115416323	0.1479500891	0.0605263158	0.0831234257	0.0639269406	1	0.4519230769	0	0
0.9570884514	0.077278723	0.0182518627	0.9781341108	0.9433198381	0.9823911029	0.95	0.2066115702	0.0348837209	0.0917936479	0.0132455584	1	0.0253521127	0.0322580645	0.9846153846	0.3915562914	0.0210022108	0.0208333333	0.0290251204	0.7173314993	0.0539215686	0.0553135063	0.2426244447	0.9984397163	0.1015625	0.5969162996	0.9967593382	0.044564816	0.7531992687	0.8856624319	0.0463483146	0.3040478381	0.0083984375	0.0406063887	0.038071066	0.066776587	0.1515151515	0.0710526316	0.0856423174	0.0757990868	1	0.4519230769	0	0
1	0.0679519806	0.0228148283	1	1	0.9453197405	0.93	0.2066115702	0.0387596899	0.1440242335	0.0383883249	1	0	0	1	0.1680463576	0.0445836404	0.0104166667	0	0.8748280605	0.0656862745	0.067058155	0.2754300034	0.9963120567	0.1171875	0.5894273128	0.9964182159	0.0733719069	0.7861060329	0.9010889292	0.0393258427	0.3426862925	0.0125	0.0655116405	0.0355329949	0.0952184666	0.1265597148	0.0710526316	0.0705289673	0.0584474886	0.9617834395	0.4519230769	0.3333333333	0
0.9517245079	0.0719491559	0.0260740895	0.9344023324	0.9190283401	0.9267840593	0.87	0.2066115702	0.0387596899	0.0852762989	0.0095970812	0.9393939394	0.0278672032	0.0322580645	0.9538461538	0.2127483444	0.0689019897	0.0173611111	0.0210855135	0.7145804677	0.0166666667	0.0255730252	0.300945438	0.990212766	0.125	0.5788546256	0.9928364319	0.0637695433	0.7563985375	0.9065335753	0.0379213483	0.3279668813	0.017578125	0.0617217109	0.0228426396	0.2374278648	0.1319073084	0.0763157895	0.0654911839	0.0730593607	0.9681528662	0.4519230769	0.3333333333	0
0.7586225393	0.1119209092	0.0338963164	0.8236151603	0.7624831309	0.9249304912	0.8	0.2148760331	0.023255814	0.1137323297	0.0256979695	0.9393939394	0.0171026157	0.0322580645	0.9692307692	0.2251655629	0.0106853353	0.0069444444	0.0187426786	0.5742778542	0.0303921569	0.0301193408	0.295591753	0.9939007092	0.125	0.5823788546	0.9959065325	0.0867905946	0.762797075	0.9319419238	0.0449438202	0.3597056118	0.021875	0.0844612886	0.0406091371	0.1302555647	0.1568627451	0.0736842105	0.0680100756	0.0940639269	0.9554140127	0.4519230769	0.3333333333	0
0.5601566272	0.0972645997	0.0397629865	0.7405247813	0.632928475	0.9416126043	0.78	0.2314049587	0.023255814	0.0761887277	8.724619289340102E-4	0.8787878788	0.0267605634	0.0322580645	0.9230769231	0.1581125828	0.0368459838	0.0451388889	0.0232981908	0.6705639615	0	0.0128812275	0.3143866044	1	0.13671875	0.5894273128	1	0.1042718208	0.7755941499	0.94646098	0.0421348315	0.381324747	0.0259765625	0.1012452626	0.0431472081	0.1220115416	0.1568627451	0.0710526316	0.080604534	0.0803652968	0.9681528662	0.4519230769	0.6666666667	0
0.5816124014	0.0692843724	0.0469333611	0.7478134111	0.6599190283	0.9165894347	0.76	0.2231404959	0.015503876	0.0882136956	0.019590736	0.8787878788	0.0374245473	0.0483870968	0.9230769231	0.2011589404	0.0622697126	0.0277777778	0.0446440193	0.6203576341	0.0098039216	0.0178064027	0.3145005126	0.995177305	0.1328125	0.59030837	0.9940303599	0.1122737905	0.7819926874	0.8784029038	0.0575842697	0.3946642134	0.0361328125	0.1158635625	0.0609137056	0.109645507	0.1604278075	0.0657894737	0.0705289673	0.0949771689	0.9554140127	0.4519230769	0.6666666667	0
0.8337177493	0.0945998161	0.0501926223	0.889212828	0.8623481781	0.9323447637	0.76	0.2231404959	0.015503876	0.1094180283	0.0199079949	0.8787878788	0.0144869215	0.0161290323	0.9230769231	0.2185430464	0.0081061164	0.0034722222	0.0294155929	0.6444291609	9.80392156862745E-4	0.0179958325	0.3287390363	0.9890780142	0.15234375	0.595154185	0.9839672523	0.1455127416	0.779250457	0.9609800363	0.0842696629	0.4291628335	0.048828125	0.1229020032	0.0939086294	0.0676009893	0.1818181818	0.0815789474	0.0654911839	0.1178082192	0.9617834395	0.4519230769	0.6666666667	0
0.9731802821	0.0919350326	0.0541037358	0.9504373178	0.9568151147	0.922150139	0.79	0.2231404959	0.1124031008	0.1273177896	0.0281567259	0.8484848485	0.005331992	0.0161290323	0.9230769231	0.1572847682	0	0.0208333333	0.0213458285	0.5722145805	0.0019607843	0.0282250426	0.3273721381	0.9886524823	0.16015625	0.5982378855	0.9819205185	0.1434199187	0.7888482633	0.9627949183	0.1025280899	0.4282428703	0.050390625	0.0882512182	0.1065989848	0.0708985985	0.174688057	0.0789473684	0.0428211587	0.1214611872	0.9363057325	0.4519230769	1	0
0.9302687336	0.1039265586	0.0560592925	0.9183673469	0.9203778677	0.9017608897	0.79	0.2231404959	0.1201550388	0.1487975032	0.055123731	0.8787878788	0.0158953722	0.0161290323	0.9384615385	0.1697019868	0.0243183493	0.0104166667	0.0286346479	0.5515818432	0.0892156863	0.0594809623	0.3532292972	0.9868085106	0.1484375	0.5995594714	0.9797032236	0.1708728302	0.7993601463	0.9700544465	0.1221910112	0.4553817847	0.0591796875	0.1261505143	0.116751269	0.0779060181	0.174688057	0.0789473684	0.0428211587	0.1205479452	0.9108280255	0.4519230769	1	0
0.7210749343	0.0906026408	0.0606222581	0.77696793	0.7206477733	0.8860055607	0.78	0.1983471074	0.1162790698	0.1756012484	0.0778077411	0.9090909091	0.0153923541	0.0161290323	0.9538461538	0.1407284768	0.0372144436	0.0138888889	0.040869452	0.6485557084	0.1205882353	0.0672475848	0.368720811	0.9795744681	0.140625	0.5885462555	0.9756097561	0.1884771636	0.8217550274	0.9891107078	0.1460674157	0.4415823367	0.069140625	0.1423930698	0.1294416244	0.0960428689	0.1622103387	0.0736842105	0.0377833753	0.0812785388	0.9171974522	0.4519230769	1	0
0.586976345	0.0919350326	0.0769185641	0.7142857143	0.6383265857	0.8767377201	0.72	0.2148760331	0.1240310078	0.1906554066	0.121589467	0.9696969697	0.054527163	0.064516129	0.9538461538	0.2822847682	0.0854826824	0.0208333333	0.0657295327	0.5178817056	0.2549019608	0.0867588558	0.3670121882	0.975177305	0.15234375	0.6026431718	0.9643527205	0.1866305552	0.7865630713	0.9927404719	0.1629213483	0.4374425023	0.078125	0.1429344884	0.1497461929	0.1088211047	0.1622103387	0.0789473684	0.0327455919	0.0849315068	0.8662420382	0.4519230769	0	0
0.7425307086	0.0985969915	0.0886519044	0.7871720117	0.7503373819	0.8785912882	0.7	0.2066115702	0.0930232558	0.1754176611	0.1137373096	0.9393939394	0.061167002	0.064516129	0.9384615385	0.4503311258	0.0147383935	0.0243055556	0.0786151243	0.6217331499	0.2941176471	0.0941466187	0.3741884041	0.9659574468	0.15234375	0.6101321586	0.9503667065	0.1936476671	0.7851919561	0.999092559	0.1924157303	0.4213431463	0.0884765625	0.1537628587	0.1345177665	0.1380873866	0.1515151515	0.0763157895	0.0528967254	0.0794520548	0.8280254777	0.4519230769	0	0
0.9356326771	0.0826082901	0.0951704268	0.8731778426	0.9217273954	0.81278962	0.68	0.2066115702	0.1007751938	0.1911143749	0.1314244924	0.9696969697	0.0663983903	0.0806451613	0.9384615385	0.309602649	0.1234340457	0.0243055556	0.0982689054	0.6478679505	0.0941176471	0.0698996022	0.3709989748	0.9567375887	0.16796875	0.6193832599	0.9350162033	0.1934014527	0.7646252285	1	0.2191011236	0.404323827	0.0990234375	0.1553871142	0.1421319797	0.1541632317	0.1229946524	0.0710526316	0.040302267	0.0812785388	0.7898089172	0.4519230769	0	0
0.9302687336	0.1159180846	0.1003852447	0.861516035	0.9014844804	0.8174235403	0.67	0.2066115702	0.1162790698	0.1466862493	0.1032677665	0.8787878788	0.0794768612	0.0967741935	0.8923076923	0.5504966887	0.0980103169	0.0104166667	0.1023037876	0.568088033	0.0382352941	0.0386436825	0.3388768652	0.9346099291	0.1640625	0.6114537445	0.9116493263	0.1721039025	0.7061243144	0.9718693285	0.2261235955	0.3500459982	0.10703125	0.1770438549	0.1878172589	0.1735366859	0.1140819964	0.0684210526	0.0302267003	0.0776255708	0.7579617834	0.4519230769	0.3333333333	0
0.8229898621	0.161219405	0.1036445059	0.7638483965	0.7773279352	0.7849860982	0.64	0.2066115702	0.0891472868	0.1276849642	0.0833597716	0.8181818182	0.0749496982	0.0806451613	0.8615384615	0.3261589404	0.118275608	0	0.1136274893	0.6072902338	0.0117647059	0.0085243417	0.3338649049	0.9153191489	0.16796875	0.6136563877	0.8874296435	0.1788748	0.7015539305	0.9500907441	0.2387640449	0.3307267709	0.1216796875	0.1922035734	0.2360406091	0.1887881286	0.1176470588	0.0605263158	0.0377833753	0.0794520548	0.7324840764	0.4519230769	0.3333333333	0
0.6459797243	0.1438983119	0.1108148805	0.6720116618	0.6437246964	0.7803521779	0.63	0.1983471074	0.0775193798	0.1075821553	0.0864530457	0.8181818182	0.1009054326	0.1129032258	0.8461538462	0.4147350993	0.1109064112	0.0208333333	0.1304178055	0.5887207703	0.0352941176	0.0505777609	0.3192846566	0.8936170213	0.171875	0.60969163	0.8626982773	0.1686569002	0.6809872029	0.9319419238	0.2415730337	0.2980680773	0.127734375	0.1965349215	0.2664974619	0.2333058533	0.110516934	0.0552631579	0.0352644836	0.0757990868	0.7324840764	0.4519230769	0.3333333333	0
0.4689695864	0.0839406819	0.1140741417	0.5991253644	0.5303643725	0.7877664504	0.63	0.1818181818	0.0930232558	0.1257572976	0.1100095178	0.8484848485	0.1108651911	0.1290322581	0.8461538462	0.2773178808	0.1705969049	0.0277777778	0.1378367825	0.6086657497	0.0107843137	0.004167456	0.3050461328	0.8746099291	0.171875	0.6118942731	0.838990278	0.1638557183	0.6535648995	0.9110707804	0.2247191011	0.274149034	0.138671875	0.2149431511	0.3121827411	0.2530915087	0.0837789661	0.0447368421	0.0125944584	0.0611872146	0.6624203822	0.4519230769	0.6666666667	0
0.4528777557	0.0719491559	0.123200073	0.5889212828	0.5276653171	0.7738646895	0.6	0.1652892562	0.0891472868	0.0495685699	0.0806630711	0.7575757576	0.1570422535	0.1774193548	0.7692307692	0.5455298013	0.1705969049	0.0416666667	0.1544969413	0.5337001376	0.0049019608	0.0102292101	0.2873903634	0.8509219858	0.1640625	0.6039647577	0.8139177895	0.1612704666	0.647166362	0.8929219601	0.2598314607	0.2433302668	0.1505859375	0.2057390363	0.3401015228	0.2666941467	0.0819964349	0.0394736842	0.0125944584	0.0639269406	0.6560509554	0.4519230769	0.6666666667	0
0.6674354986	0.1065913421	0.1264593342	0.7055393586	0.7044534413	0.7683039852	0.61	0.1652892562	0.0968992248	0.1051037268	0.1365799492	0.8484848485	0.1671026157	0.1935483871	0.8153846154	0.4387417219	0.2306558585	0.0381944444	0.1733697774	0.4855570839	9.80392156862745E-4	0.0447054366	0.2597106732	0.8324822695	0.16015625	0.5977973568	0.7943032577	0.1444047766	0.6106032907	0.8793103448	0.2626404494	0.2069917203	0.1609375	0.1884136437	0.3756345178	0.2765869744	0.0802139037	0.0447368421	0.0201511335	0.0602739726	0.6560509554	0.4519230769	0.6666666667	0
0.812261975	0.0572928464	0.1329778566	0.7871720117	0.8394062078	0.7488415199	0.6	0.1570247934	0.1356589147	0.0634294107	0.1442734772	0.8181818182	0.2226358149	0.2419354839	0.7692307692	0.6655629139	0.2973470892	0.0416666667	0.2642197058	0.2909215956	0.0245098039	0.0244364463	0.2220070623	0.810070922	0.140625	0.5938325991	0.7697424527	0.1190446879	0.5754113346	0.8539019964	0.2668539326	0.1600735971	0.1685546875	0.163508392	0.3883248731	0.2901896125	0.0409982175	0.0263157895	0.0176322418	0.0292237443	0.6178343949	0.4519230769	1	0
0.7532585957	0.0279802273	0.1375408222	0.72303207	0.7516869096	0.7460611677	0.54	0.1570247934	0.1240310078	0.0492931889	0.1564879442	0.8181818182	0.253722334	0.2741935484	0.7384615385	0.6481788079	0.3102431835	0.0763888889	0.2834830144	0.3431911967	0.0176470588	0.014396666	0.1884041463	0.7863829787	0.1328125	0.5850220264	0.7450110865	0.0970084944	0.5361060329	0.834845735	0.2865168539	0.1090156394	0.176171875	0.1472658365	0.4289340102	0.3112118714	0.0160427807	0.0131578947	0.0050377834	0.0118721461	0.6178343949	0.4519230769	1	0
0.5279729657	0.0039971753	0.1414519357	0.5655976676	0.5303643725	0.7303058387	0.51	0.1570247934	0.1356589147	0.0317606022	0.161643401	0.8181818182	0.2793762575	0.3064516129	0.7230769231	0.6043046358	0.395357406	0.0833333333	0.2807497071	0.3383768913	0.0539215686	0.0490623224	0.1681284884	0.7695035461	0.125	0.5854625551	0.7248848712	0.0861750585	0.4968007313	0.8221415608	0.2752808989	0.0929162833	0.18671875	0.1375203032	0.4771573604	0.3231657049	0	0.0078947368	0	0	0.5668789809	0.4519230769	1	0
0.3455988843	0.0053295671	0.1564445372	0.4825072886	0.4021592443	0.7303058387	0.53	0.1570247934	0.1124031008	0	0.1281725888	0.7575757576	0.2717303823	0.3064516129	0.6923076923	0.6100993377	0.324981577	0.0902777778	0.2854353768	0.394085282	0.2009803922	0.0712256109	0.1534343319	0.7524822695	0.12890625	0.5810572687	0.705952584	0.0823587345	0.4748628885	0.7985480944	0.2823033708	0.0662373505	0.1958984375	0.1586356253	0.5025380711	0.3322341303	0.0035650624	0.0052631579	0.0050377834	0.001826484	0.5541401274	0.4519230769	0	0
0.4957893043	0	0.1649186162	0.556851312	0.5249662618	0.7154772938	0.52	0.1570247934	0.1279069767	0.0676519185	0.1892449239	0.8484848485	0.2750503018	0.3064516129	0.7384615385	0.5604304636	0.3142962417	0.1006944444	0.2799687622	0.4903713893	0.1088235294	0.014396666	0.1368037362	0.7392907801	0.11328125	0.577092511	0.6923076923	0.0742336575	0.4712065814	0.777676951	0.2668539326	0.0478380865	0.20546875	0.1348132106	0.5304568528	0.3375927453	0.0035650624	0	0	0	0.5414012739	0.4519230769	0	0
0.737166765	0.0279802273	0.1720889909	0.7011661808	0.7476383266	0.7071362373	0.5	0.1652892562	0.1085271318	0.0436937764	0.1756027919	0.7878787879	0.2840040241	0.3064516129	0.7076923077	0.6349337748	0.309137804	0.1145833333	0.2789275023	0.5144429161	0.1039215686	0.0543663573	0.1340699396	0.7266666667	0.0859375	0.572246696	0.6801978509	0.0771882309	0.4593235832	0.7613430127	0.2612359551	0.0579576817	0.2130859375	0.1364374662	0.5507614213	0.3544929926	0.0249554367	0.0078947368	0	0.0310502283	0.5350318471	0.4519230769	0	0
0.7908062007	0.0746139395	0.1786075132	0.6982507289	0.7489878543	0.7006487488	0.49	0.1487603306	0.1007751938	0.0390123003	0.1949555838	0.8181818182	0.3136820926	0.3387096774	0.6923076923	0.517384106	0.4229918939	0.1458333333	0.3027463231	0.5708390646	0.0254901961	0.0316347793	0.1245016517	0.7129078014	0.08203125	0.5524229075	0.6714992325	0.0773113382	0.4565813528	0.7441016334	0.2668539326	0.0657773689	0.2205078125	0.1164049811	0.5609137056	0.3594394064	0.0516934046	0.0184210526	0.0277078086	0.0465753425	0.5159235669	0.4519230769	0.3333333333	0
0.69961916	0.0746139395	0.1851260356	0.639941691	0.669365722	0.6932344764	0.46	0.132231405	0.0775193798	0.0769230769	0.2118496193	0.8181818182	0.2935613682	0.3225806452	0.7230769231	0.4437086093	0.3168754606	0.1631944444	0.3061304178	0.439477304	0.0323529412	0.0376965334	0.123476478	0.7005673759	0.06640625	0.540969163	0.6617772471	0.0781730888	0.4483546618	0.7277676951	0.2598314607	0.0620975161	0.229296875	0.1207363292	0.5685279188	0.3887056884	0.0534759358	0.0184210526	0.0327455919	0.0639269406	0.5031847134	0.4519230769	0.3333333333	0
0.47433353	0.0706167642	0.1896890013	0.5029154519	0.4790823212	0.6784059314	0.42	0.1239669421	0.0736434109	0.0655406646	0.2015387056	0.7878787879	0.2929577465	0.3225806452	0.6923076923	0.3344370861	0.3426676492	0.1666666667	0.3046986854	0.5233837689	0.0215686275	0.0323924986	0.1288301629	0.6965957447	0.05078125	0.5484581498	0.6547842402	0.0830973778	0.4488117002	0.7132486388	0.2640449438	0.0597976081	0.247265625	0.1039523552	0.5583756345	0.4031327288	0.0481283422	0.0184210526	0.0453400504	0.0511415525	0.4904458599	0.4519230769	0.3333333333	0
0.2597757872	0.0746139395	0.2027260461	0.3556851312	0.2631578947	0.6635773865	0.44	0.1074380165	0.019379845	0.0653570773	0.201142132	0.7575757576	0.2926559356	0.3225806452	0.6923076923	0.4834437086	0.2737656595	0.1666666667	0.3006638032	0.4339752407	0.031372549	0.0225421481	0.1174393439	0.6875177305	0.04296875	0.5427312775	0.646426744	0.0792810538	0.4561243144	0.6941923775	0.268258427	0.029898804	0.25390625	0.1077422848	0.5456852792	0.401071723	0.055258467	0.0263157895	0.080604534	0.0602739726	0.4904458599	0.4519230769	0.6666666667	0
0.3455988843	0.0786111148	0.2072890117	0.4358600583	0.3981106613	0.6496756256	0.4	0.1074380165	0	0.0921608225	0.2174809645	0.7878787879	0.2840040241	0.3064516129	0.6923076923	0.5132450331	0.2951363301	0.1527777778	0.2984511259	0.4105914718	0.0029411765	0.0212161394	0.1161863538	0.6778723404	0.04296875	0.5484581498	0.6326112911	0.0807583405	0.4277879342	0.6851179673	0.279494382	0.0390984361	0.2583984375	0.1207363292	0.5685279188	0.4196207749	0.0606060606	0.0315789474	0.0856423174	0.0721461187	0.4904458599	0.4519230769	0.6666666667	0
0.5547926836	0.0799435066	0.2098964207	0.5451895044	0.5668016194	0.6450417053	0.38	0.1074380165	0	0.1469616303	0.2605488579	0.8181818182	0.2786720322	0.3064516129	0.7384615385	0.3849337748	0.29550479	0.1909722222	0.2923337238	0.4497936726	0.0078431373	0.0197007009	0.1099214033	0.6706382979	0.0390625	0.5488986784	0.6239126727	0.0855595223	0.4104204753	0.6624319419	0.3075842697	0.0349586017	0.2625	0.1505143476	0.6065989848	0.4018961253	0.073083779	0.0394736842	0.0906801008	0.0858447489	0.4840764331	0.4519230769	0.6666666667	0
0.662071555	0.0919350326	0.2203260565	0.5787172012	0.624831309	0.640407785	0.35	0.0909090909	0.1511627907	0.1199742978	0.2416719543	0.7878787879	0.284305835	0.3064516129	0.6923076923	0.3791390728	0.2903463522	0.1979166667	0.3123779774	0.3741403026	0.0480392157	0.0681947339	0.1237042943	0.6605673759	0.0390625	0.5431718062	0.6140201262	0.1075957159	0.418190128	0.665154265	0.3356741573	0.0441582337	0.2689453125	0.1932864104	0.6243654822	0.4072547403	0.073083779	0.0368421053	0.0881612091	0.0840182648	0.4203821656	0.4519230769	1	0
0.6137960629	0.0945998161	0.2288001356	0.5043731778	0.5330634278	0.6135310473	0.32	0.0909090909	0.1162790698	0.0752707913	0.2200190355	0.7272727273	0.3057344064	0.3387096774	0.6615384615	0.5322847682	0.2877671334	0.1909722222	0.3182350644	0.4332874828	0.0460784314	0.0501989013	0.1246155599	0.6546099291	0.04296875	0.5537444934	0.6025925294	0.1110427182	0.4044789762	0.6451905626	0.3525280899	0.0326586937	0.2767578125	0.2144017325	0.6598984772	0.4163231657	0.0570409982	0.0394736842	0.0780856423	0.0602739726	0.4331210191	0.4519230769	1	0
0.4153301507	0.0786111148	0.235318658	0.3586005831	0.3279352227	0.594068582	0.3	0.0743801653	0.0891472868	0.0665503947	0.2220019036	0.696969697	0.317806841	0.3548387097	0.6461538462	0.4395695364	0.3187177598	0.2222222222	0.3224001041	0.5522696011	0.2029411765	0.5315400644	0.1060485249	0.6409929078	0.04296875	0.5480176211	0.5884359543	0.1019327835	0.407678245	0.610707804	0.3735955056	0	0.2798828125	0.2160259881	0.6446700508	0.4192085738	0.0677361854	0.0342105263	0.0881612091	0.0757990868	0.4076433121	0.4519230769	1	0
0.2222281822	0.0999293832	0.2431408848	0.2827988338	0.2105263158	0.5996292864	0.31	0.0743801653	0.1085271318	0.1575178998	0.2910850254	0.7272727273	0.3057344064	0.3225806452	0.6615384615	0.4544701987	0.3161385409	0.2222222222	0.3143303397	0.507565337	0.2294117647	0.1839363516	0.1168698029	0.6358865248	0.0390625	0.5497797357	0.5817840696	0.1133817555	0.3871115174	0.5889292196	0.3848314607	0.0216191352	0.2888671875	0.2490525176	0.6446700508	0.4348722176	0.0980392157	0.0421052632	0.1057934509	0.1123287671	0.4076433121	0.4519230769	0	0.3333333333
0.3348709972	0.1478954872	0.2509631117	0.3483965015	0.3090418354	0.5987025023	0.3	0.0578512397	0.1162790698	0.1634844869	0.3040133249	0.7272727273	0.3155935614	0.3387096774	0.6615384615	0.4064569536	0.3268238762	0.2222222222	0.3238318365	0.6045392022	0.2715686275	0.1831786323	0.0987584007	0.6178723404	0.03515625	0.5334801762	0.5666041276	0.1096885387	0.3724862888	0.5635208711	0.4073033708	0.0303587856	0.2951171875	0.2257715214	0.6598984772	0.4340478153	0.1265597148	0.0578947368	0.1435768262	0.1406392694	0.4140127389	0.4519230769	0	0.3333333333
0.5011532479	0.1758757145	0.2542223729	0.4387755102	0.4588394062	0.5792400371	0.28	0.0578512397	0.1705426357	0.1590783918	0.2978267766	0.696969697	0.3125754527	0.3387096774	0.6461538462	0.4337748344	0.3106116433	0.2083333333	0.3201874268	0.462173315	0.1264705882	0.0644061375	0.0744959563	0.6070921986	0.015625	0.527753304	0.5567115811	0.0945463499	0.3510054845	0.5499092559	0.4255617978	0.0013799448	0.2984375	0.2144017325	0.6421319797	0.4282769992	0.137254902	0.0631578947	0.1460957179	0.1296803653	0.4012738854	0.4519230769	0	0.3333333333
0.5172450786	0.1518926625	0.2555260773	0.4606413994	0.5047233468	0.562557924	0.26	0.0578512397	0.0930232558	0.1773453277	0.3336770305	0.7272727273	0.3381287726	0.3548387097	0.6461538462	0.4031456954	0.3452468681	0.2534722222	0.3265651438	0.4580467675	0.1137254902	0.0831596893	0.0689144549	0.5953191489	0	0.5431718062	0.5372676104	0.100578604	0.3514625229	0.5372050817	0.4662921348	9.199632014719411E-4	0.3099609375	0.2014076881	0.6395939086	0.4220939819	0.0819964349	0.0605263158	0.1360201511	0.0867579909	0.4203821656	0.4519230769	0.3333333333	0.3333333333
0.4475138122	0.1212476517	0.2613927475	0.4023323615	0.4278002699	0.5449490269	0.25	0.0578512397	0.0891472868	0.169175693	0.3357392132	0.7272727273	0.3496981891	0.3709677419	0.6307692308	0.5637417219	0.334193073	0.2395833333	0.3649616035	0.5337001376	0.0715686275	0.053608638	0.0678892812	0.5906382979	0.01171875	0.550660793	0.5282278697	0.1069801797	0.3331809872	0.5245009074	0.4901685393	0.0197792088	0.3171875	0.2051976178	0.6497461929	0.4105523495	0.0695187166	0.0631578947	0.1108312343	0.0721461187	0.4076433121	0.4519230769	0.3333333333	0.3333333333
0.2973233922	0.1145856928	0.2672594176	0.3163265306	0.3117408907	0.531047266	0.22	0.0495867769	0.0697674419	0.1917569304	0.379838198	0.7575757576	0.3807847082	0.4032258065	0.6307692308	0.4958609272	0.3761974945	0.2708333333	0.3494728622	0.5261348006	0.0754901961	0.0613752605	0.0678892812	0.5846808511	0.0234375	0.5581497797	0.5176530786	0.1073495014	0.3203839122	0.5145190563	0.4859550562	0.0285188592	0.3173828125	0.2208987547	0.6395939086	0.4266281946	0.0855614973	0.0578947368	0.1360201511	0.0821917808	0.4203821656	0.4519230769	0.3333333333	0.3333333333
0.1095853672	0.1119209092	0.2750816445	0.2186588921	0.1781376518	0.5189990732	0.18	0.041322314	0.0697674419	0.1627501377	0.3345494924	0.6666666667	0.3551307847	0.3870967742	0.6	0.3418874172	0.3286661754	0.2638888889	0.3458284524	0.4766162311	0.031372549	0.0358022353	0.070736986	0.5733333333	0.01953125	0.5634361233	0.5021320143	0.1169518651	0.3112431444	0.5090744102	0.5084269663	0.0561177553	0.31796875	0.2328099621	0.6472081218	0.4377576257	0.0944741533	0.0552631579	0.1435768262	0.0922374429	0.4203821656	0.4519230769	0.6666666667	0.3333333333
0.1578608593	0.1332391776	0.2796446102	0.2448979592	0.2307692308	0.4986098239	0.16	0.0330578512	0.0813953488	0.1696346613	0.3313769036	0.6363636364	0.3435613682	0.3709677419	0.6	0.4089403974	0.3319823139	0.2465277778	0.3509045946	0.643741403	0.0107843137	0.0193218413	0.0656111174	0.5730496454	0.015625	0.5744493392	0.4976974245	0.1211375108	0.3203839122	0.499092559	0.5140449438	0.0492180313	0.31875	0.2512181917	0.6421319797	0.4060181369	0.0944741533	0.0552631579	0.1435768262	0.098630137	0.4140127389	0.4519230769	0.6666666667	0.3333333333
0.4206940943	0.1465630954	0.2855112803	0.3775510204	0.4372469636	0.4921223355	0.13	0.0247933884	0.0620155039	0.1751422802	0.3381186548	0.6363636364	0.3460764588	0.3709677419	0.5846153846	0.3286423841	0.3872512896	0.2569444444	0.3463490824	0.3287482806	0.0166666667	0.0344762266	0.0780271101	0.5721985816	0.015625	0.5845814978	0.4927511513	0.1416964176	0.3377513711	0.498185118	0.518258427	0.0749770009	0.3255859375	0.2680021657	0.654822335	0.3845836768	0.0855614973	0.0657894737	0.1360201511	0.0840182648	0.4331210191	0.4519230769	0.6666666667	0.3333333333
0.5762484579	0.1105885174	0.2907260982	0.4285714286	0.5195681511	0.4791473587	0.16	0.0165289256	0.2403100775	0.2095648981	0.3528711929	0.6363636364	0.3270623742	0.3548387097	0.6	0.3336092715	0.3201915991	0.25	0.3291682936	0.4883081155	0.0196078431	0.002083728	0.1004670236	0.5709219858	0.02734375	0.5850220264	0.4905338564	0.160408716	0.3514625229	0.4927404719	0.5	0.0929162833	0.335546875	0.29561451	0.654822335	0.4068425392	0.0873440285	0.0710526316	0.1486146096	0.0913242009	0.3885350318	0.4519230769	1	0.3333333333
0.5065171914	0.0866054655	0.2972446206	0.360058309	0.4224021592	0.468952734	0.17	0.0165289256	0.2093023256	0.2499541032	0.3753965736	0.6363636364	0.3113682093	0.3225806452	0.6307692308	0.2889072848	0.2892409727	0.2708333333	0.3088637251	0.4607977992	0.031372549	0.0361810949	0.1020617382	0.5703546099	0.0390625	0.59030837	0.4872931946	0.1654561123	0.3382084095	0.4854809437	0.4929775281	0.1007359706	0.3431640625	0.3091499729	0.6598984772	0.3973619126	0.0962566845	0.0842105263	0.1637279597	0.0913242009	0.3821656051	0.4519230769	1	0.3333333333
0.2973233922	0.0719491559	0.3057186997	0.2434402332	0.2618083671	0.4494902688	0.13	0.0082644628	0.1899224806	0.2487607858	0.3539022843	0.5757575758	0.2853118712	0.3064516129	0.6153846154	0.2044701987	0.2693441415	0.2673611111	0.2879083691	0.2964236589	0.131372549	0.0956620572	0.1156168128	0.5726241135	0.0390625	0.6039647577	0.4847347774	0.1767819771	0.334095064	0.4854809437	0.4831460674	0.1195952162	0.3498046875	0.3286410395	0.652284264	0.4018961253	0.1087344029	0.0921052632	0.1738035264	0.1095890411	0.3821656051	0.4519230769	1	0.3333333333
0.136405085	0.1039265586	0.314844631	0.1486880466	0.1201079622	0.4467099166	0.14	0	0.2054263566	0.2543601983	0.3628648477	0.6363636364	0.2906438632	0.3064516129	0.6307692308	0.3129139073	0.2376565954	0.2708333333	0.2713783678	0.4614855571	0.2480392157	0.1111953021	0.1340699396	0.574751773	0.04296875	0.613215859	0.4835408494	0.1958635972	0.3756855576	0.4800362976	0.4845505618	0.1237350506	0.355859375	0.342717921	0.6598984772	0.3985985161	0.1354723708	0.1105263158	0.2166246851	0.1315068493	0.3694267516	0.4326923077	0	0.3333333333
0.2758676179	0.1292420023	0.3317927892	0.1967930029	0.1767881242	0.4661723818	0.17	0	0.2015503876	0.2607857536	0.3523159898	0.6060606061	0.270221328	0.2903225806	0.6307692308	0.0976821192	0.2623434046	0.2777777778	0.2574515163	0.3651994498	0.2852941176	0.1015343815	0.1390819	0.5712056738	0.0390625	0.6088105727	0.4811529933	0.2028807091	0.3784277879	0.4791288566	0.4915730337	0.1260349586	0.3587890625	0.3567948024	0.6624365482	0.4035449299	0.1426024955	0.1289473684	0.2367758186	0.1333333333	0.3503184713	0.3653846154	0	0.3333333333
0.5226090222	0.1518926625	0.3415705728	0.3294460641	0.3846153846	0.453197405	0.16	0.0165289256	0.2131782946	0.252616119	0.3709549492	0.6060606061	0.3028169014	0.3225806452	0.6153846154	0.2731788079	0.2616064849	0.2673611111	0.2946765586	0.4662998624	0.1147058824	0.0365599545	0.17746896	0.5805673759	0.0703125	0.6303964758	0.4826880437	0.2315646928	0.4131627057	0.4709618875	0.5042134831	0.146274149	0.3681640625	0.3854899838	0.692893401	0.4192085738	0.1568627451	0.15	0.2518891688	0.1433789954	0.3439490446	0.3846153846	0	0.3333333333
0.5708845143	0.1705461474	0.3467853907	0.3848396501	0.4804318489	0.4383688601	0.14	0.0495867769	0.2015503876	0.273453277	0.3634993655	0.5757575758	0.2705231388	0.2903225806	0.6307692308	0.3915562914	0.2490788504	0.2604166667	0.2650006508	0.4958734525	0.0539215686	0.0384542527	0.2058320993	0.5868085106	0.078125	0.6365638767	0.4874637558	0.2536008864	0.4255027422	0.4682395644	0.5224719101	0.1908923643	0.3748046875	0.3909041689	0.6954314721	0.4299258038	0.1604278075	0.1684210526	0.2720403023	0.1579908676	0.3757961783	0.375	0.3333333333	0.3333333333
0.5172450786	0.2198446431	0.3513483564	0.361516035	0.4547908232	0.4253938832	0.12	0.0578512397	0.2131782946	0.2892417845	0.3805520305	0.6060606061	0.2747484909	0.2903225806	0.6307692308	0.3443708609	0.240972734	0.2673611111	0.2465182871	0.492434663	0.0470588235	0.0420534192	0.2411436382	0.5978723404	0.09765625	0.6572687225	0.4918983456	0.2821617629	0.4442413163	0.4709618875	0.5547752809	0.2309107636	0.38125	0.4158094207	0.692893401	0.4299258038	0.1871657754	0.1789473684	0.2720403023	0.1753424658	0.3821656051	0.3846153846	0.3333333333	0.3333333333
0.3455988843	0.2251742102	0.3578668787	0.2638483965	0.3090418354	0.4244670992	0.12	0.0661157025	0.2286821705	0.3187993391	0.4118813452	0.6363636364	0.282193159	0.2903225806	0.6461538462	0.3062913907	0.2442888725	0.2916666667	0.2351945854	0.5584594223	0.0333333333	0.064974427	0.2503702016	0.5981560284	0.09765625	0.6634361233	0.4898516118	0.2934876277	0.4616087751	0.4718693285	0.5617977528	0.237350506	0.384765625	0.4233892799	0.6979695431	0.4245671888	0.183600713	0.1605263158	0.2795969773	0.1643835616	0.3630573248	0.3557692308	0.3333333333	0.3333333333
0.1310411414	0.2011911582	0.3643854011	0.1282798834	0.1174089069	0.4077849861	0.11	0.0578512397	0.1821705426	0.3538645126	0.4302823604	0.6363636364	0.2671026157	0.2741935484	0.6615384615	0.4246688742	0.243183493	0.2326388889	0.248861122	0.6251719395	0.0147058824	0.0229210078	0.2556099784	0.6008510638	0.10546875	0.6700440529	0.4901927341	0.2961959867	0.457952468	0.4600725953	0.5449438202	0.2529898804	0.390234375	0.4233892799	0.6802030457	0.4266281946	0.1907308378	0.1736842105	0.282115869	0.1771689498	0.3821656051	0.3365384615	0.6666666667	0.3333333333
0.1471329722	0.190532024	0.3682965145	0.1268221574	0.1349527665	0.3790546803	0.09	0.0661157025	0.1899224806	0.3554250046	0.4201300761	0.6060606061	0.2524144869	0.2580645161	0.6461538462	0.292218543	0.309137804	0.2326388889	0.2219185214	0.7393397524	0.037254902	0.1405569237	0.2695067775	0.6066666667	0.1171875	0.6814977974	0.4922394678	0.3037055275	0.4693784278	0.444646098	0.5575842697	0.2608095676	0.39765625	0.4179750947	0.6776649746	0.4348722176	0.2174688057	0.1605263158	0.3073047859	0.19543379	0.3757961783	0.3365384615	0.6666666667	0.3333333333
0.39923832	0.1931968076	0.3728594802	0.2478134111	0.3157894737	0.3846153846	0.08	0.0743801653	0.1860465116	0.3475307509	0.4083121827	0.5454545455	0.2460764588	0.2580645161	0.6307692308	0.3733443709	0.2033898305	0.2534722222	0.2255629311	0.6616231087	0.1901960784	0.3464671339	0.2878459961	0.6085106383	0.12109375	0.6929515419	0.4898516118	0.320817432	0.4954296161	0.4337568058	0.5842696629	0.2750689972	0.39453125	0.4531672983	0.6649746193	0.438582028	0.2263814617	0.1710526316	0.3173803526	0.2200913242	0.3885350318	0.3557692308	0.6666666667	0.3333333333
0.5547926836	0.2424953033	0.3793780026	0.3498542274	0.4520917679	0.4096385542	0.09	0.0909090909	0.3604651163	0.3700201946	0.4382931472	0.5757575758	0.2595573441	0.2741935484	0.6307692308	0.3518211921	0.2133382461	0.2569444444	0.2305089158	0.8143053645	0.068627451	0.0483046031	0.3274860462	0.6154609929	0.11328125	0.7140969163	0.4903632952	0.3550412409	0.5137111517	0.4382940109	0.5814606742	0.3265869365	0.4140625	0.4704926909	0.6421319797	0.4472382523	0.256684492	0.1868421053	0.3350125945	0.2575342466	0.3885350318	0.3076923077	1	0.3333333333
0.5065171914	0.2491572622	0.3852446727	0.3090379009	0.4048582996	0.391102873	0.07	0.0909090909	0.3333333333	0.4158252249	0.4675602792	0.6060606061	0.2465794769	0.2580645161	0.6615384615	0.2740066225	0.2266028003	0.2638888889	0.2292073409	0.6795048143	0.0774509804	0.0439477174	0.3346622622	0.6143262411	0.12890625	0.7202643172	0.4859287054	0.3593499938	0.5150822669	0.4292196007	0.5912921348	0.3201471941	0.4185546875	0.4834867352	0.6472081218	0.4620774938	0.2513368984	0.1947368421	0.3476070529	0.2374429224	0.3885350318	0.2788461538	1	0.3333333333
0.2919594486	0.2171798596	0.3904594906	0.1705539359	0.2172739541	0.3725671918	0	0.0991735537	0.3410852713	0.4060950982	0.4593908629	0.5757575758	0.2467806841	0.2580645161	0.6461538462	0.3816225166	0.2004421518	0.2534722222	0.2249121437	0.7090784044	0.0970588235	0.0717939004	0.3499259597	0.6154609929	0.13671875	0.7317180617	0.4825174825	0.3747383971	0.5265082267	0.4210526316	0.6235955056	0.3298068077	0.42734375	0.4964807796	0.6370558376	0.462489695	0.2245989305	0.1973684211	0.3576826196	0.2054794521	0.3630573248	0.2788461538	1	0.3333333333
0.1578608593	0.2065207254	0.4028446832	0.1282798834	0.1322537112	0.3929564411	0.06	0.1404958678	0.3643410853	0.417110336	0.4570114213	0.5454545455	0.2316901408	0.2419354839	0.6461538462	0.2715231788	0.2114959469	0.2569444444	0.2253026162	0.5240715268	0.2882352941	0.1704868346	0.3655313817	0.6093617021	0.15625	0.7220264317	0.4780828927	0.3917271944	0.53976234	0.4119782214	0.6348314607	0.3500459982	0.433203125	0.5154304277	0.6421319797	0.4798021434	0.2352941176	0.2184210526	0.3828715365	0.2237442922	0.3566878981	0.2596153846	0	0.3333333333
0.2919594486	0.2345009527	0.4197928414	0.2317784257	0.2739541161	0.3957367933	0.16	0.1570247934	0.3294573643	0.4299614467	0.4835818528	0.5757575758	0.2514084507	0.2580645161	0.6461538462	0.3658940397	0.2288135593	0.2430555556	0.2090329298	0.6856946355	0.2068627451	0.0960409168	0.3928693473	0.620141844	0.171875	0.7475770925	0.4804707488	0.4108088145	0.5680987203	0.4019963702	0.643258427	0.381324747	0.43515625	0.5289658906	0.6294416244	0.4835119538	0.2513368984	0.2210526316	0.4055415617	0.2392694064	0.3503184713	0.2692307692	0	0.3333333333
0.5279729657	0.2731403142	0.4289187727	0.3731778426	0.4831309042	0.3966635774	0.18	0.173553719	0.3294573643	0.4546539379	0.4857233503	0.5757575758	0.2269617706	0.2258064516	0.6461538462	0.1456953642	0.2225497421	0.2569444444	0.1913315111	0.6341127923	0.1333333333	0.074256488	0.4089304021	0.6242553191	0.1953125	0.7599118943	0.479617943	0.4250892527	0.5799817185	0.4056261343	0.6404494382	0.4006439742	0.4400390625	0.5441256091	0.6116751269	0.4818631492	0.2923351159	0.2394736842	0.4130982368	0.2876712329	0.3821656051	0.2788461538	0	0.3333333333
0.5387008529	0.3344303359	0.4341335906	0.3658892128	0.4858299595	0.3938832252	0.08	0.1900826446	0.3294573643	0.5097301267	0.5281567259	0.6363636364	0.2204225352	0.2258064516	0.6923076923	0.315397351	0.2081798084	0.2604166667	0.1742808799	0.6114167813	0.0245098039	0.032960788	0.4499373505	0.6343262411	0.2109375	0.7973568282	0.4765478424	0.45894374	0.6147166362	0.4110707804	0.6516853933	0.4264029439	0.44765625	0.5896047645	0.6269035533	0.4876339654	0.3101604278	0.2526315789	0.4256926952	0.298630137	0.3248407643	0.3557692308	0.3333333333	0.3333333333
0.4689695864	0.3184416346	0.4393484085	0.3367346939	0.4304993252	0.4077849861	0.1	0.1900826446	0.3294573643	0.5423168717	0.5547271574	0.6363636364	0.2183098592	0.2096774194	0.7076923077	0.3700331126	0.1868091378	0.2256944444	0.1707666276	0.5584594223	0.0088235294	0.0358022353	0.4693017428	0.6392907801	0.21875	0.80969163	0.4774006481	0.4722393204	0.6357404022	0.4056261343	0.6587078652	0.4374425023	0.4580078125	0.5868976719	0.6040609137	0.4987633965	0.2941176471	0.2473684211	0.4181360202	0.295890411	0.3184713376	0.3269230769	0.3333333333	0.3333333333
0.2544118436	0.3131120675	0.4432595219	0.1807580175	0.2105263158	0.3846153846	0.12	0.1900826446	0.2790697674	0.5519552047	0.5529029188	0.6363636364	0.2055331992	0.1935483871	0.6923076923	0.2913907285	0.2347089167	0.2013888889	0.1749316673	0.7854195323	0.0049019608	0.0316347793	0.496981433	0.6408510638	0.23046875	0.8268722467	0.4721132526	0.503016127	0.6544789762	0.4010889292	0.6853932584	0.47700092	0.4685546875	0.6085544126	0.6421319797	0.4913437758	0.3172905526	0.2473684211	0.4206549118	0.3260273973	0.3248407643	0.3076923077	0.3333333333	0.3333333333
0.0344901572	0.351751429	0.4510817488	0.0466472303	0.012145749	0.3827618165	0.08	0.1983471074	0.2945736434	0.5805948228	0.5682899746	0.6363636364	0.1936619718	0.1935483871	0.7076923077	0.2160596026	0.2372881356	0.1909722222	0.1668619029	0.6767537827	0.0558823529	0.0555029362	0.539583096	0.6435460993	0.234375	0.8356828194	0.4717721303	0.5351471131	0.6841864717	0.4047186933	0.7148876404	0.5142594296	0.4791015625	0.6247969681	0.6573604061	0.5300906843	0.3404634581	0.25	0.4307304786	0.3406392694	0.2929936306	0.2307692308	0.6666666667	0.3333333333
0.1256771979	0.3997175329	0.4497780443	0.1064139942	0.1133603239	0.3734939759	0.04	0.2066115702	0.2906976744	0.6180466312	0.5958121827	0.6666666667	0.1875251509	0.1774193548	0.7230769231	0.2177152318	0.213706706	0.21875	0.1504620591	0.6341127923	0.0264705882	0.0327713582	0.5615673767	0.6469503546	0.25390625	0.8537444934	0.4680197851	0.555213591	0.699725777	0.4056261343	0.7485955056	0.5386384545	0.48515625	0.6377910125	0.6472081218	0.5325638912	0.3689839572	0.2447368421	0.4282115869	0.3716894977	0.3121019108	0.2596153846	0.6666666667	0.3333333333
0.3455988843	0.5236299682	0.4530373055	0.2346938776	0.3130904184	0.358665431	0.06	0.1983471074	0.2984496124	0.6150174408	0.6096922589	0.6363636364	0.2084507042	0.1935483871	0.7076923077	0.3774834437	0.2100221076	0.2013888889	0.1888585188	0.6822558459	0.1950980392	0.0276567532	0.5690853172	0.6466666667	0.2734375	0.8629955947	0.463244073	0.5658008125	0.6933272395	0.4119782214	0.7626404494	0.5745170193	0.4919921875	0.6220898755	0.6446700508	0.5251442704	0.4099821747	0.2684210526	0.4609571788	0.3945205479	0.3057324841	0.2403846154	0.6666666667	0.3333333333
0.4689695864	0.4876553902	0.4647706458	0.2915451895	0.3900134953	0.3623725672	0.1	0.2066115702	0.4031007752	0.628511107	0.6134200508	0.6363636364	0.1983903421	0.1935483871	0.7076923077	0.3410596026	0.2107590273	0.2013888889	0.1615254458	0.6595598349	0.1166666667	0.05152491	0.5781979724	0.6558865248	0.2890625	0.8828193833	0.4659730513	0.5696171365	0.6960694698	0.3992740472	0.8132022472	0.5823367065	0.49609375	0.6101786681	0.6116751269	0.5185490519	0.4117647059	0.2894736842	0.4559193955	0.396347032	0.2802547771	0.2019230769	1	0.3333333333
0.4206940943	0.3677401303	0.4784595428	0.2478134111	0.3319838057	0.3512511585	0.09	0.1983471074	0.3604651163	0.6240132183	0.6184961929	0.6060606061	0.2097585513	0.1935483871	0.6923076923	0.4271523179	0.2056005895	0.1875	0.158401666	0.6155433287	0.1	0.0340973669	0.6162433079	0.664964539	0.3125	0.9110132159	0.4649496845	0.5991628709	0.7166361974	0.4001814882	0.8483146067	0.6159153634	0.5048828125	0.6340010828	0.6294416244	0.5309150866	0.3725490196	0.2710526316	0.4332493703	0.3570776256	0.2547770701	0.1923076923	1	0.3333333333
0.2168642386	0.3264359852	0.4804150995	0.1282798834	0.1565452092	0.3466172382	0.08	0.1900826446	0.3372093023	0.6472370112	0.6157201777	0.6060606061	0.1808853119	0.1774193548	0.7076923077	0.232615894	0.1934414149	0.1875	0.1542366263	0.6244841816	0.2166666667	0.3121803372	0.6344686183	0.6679432624	0.328125	0.9149779736	0.4663141736	0.6138126308	0.7216636197	0.3983666062	0.8581460674	0.6343146274	0.5107421875	0.6453708717	0.6598984772	0.5391591096	0.3725490196	0.2736842105	0.4307304786	0.3689497717	0.2292993631	0.2019230769	1	0.3333333333
0.061309875	0.3704049139	0.4862817696	0.0641399417	0.0607287449	0.3456904541	0.09	0.2148760331	0.3720930233	0.6837708831	0.6303140863	0.6060606061	0.1592555332	0.1451612903	0.7230769231	0.1821192053	0.1731761238	0.1666666667	0.1367955226	0.6767537827	0.1784313725	0.0467891646	0.6667046361	0.6814184397	0.3515625	0.9449339207	0.4698959577	0.6408962206	0.7440585009	0.3974591652	0.8862359551	0.653173873	0.520703125	0.6670276123	0.7106598985	0.5259686727	0.3975044563	0.2947368421	0.4710327456	0.398173516	0.2611464968	0.1153846154	0	0.6666666667
0.1578608593	0.3690725221	0.5019262234	0.0889212828	0.0985155196	0.3410565338	0.11	0.2314049587	0.3837209302	0.711951533	0.6641814721	0.6363636364	0.1713279678	0.1612903226	0.7384615385	0.2235099338	0.134119381	0.1979166667	0.1390081999	0.5412654746	0.1950980392	0.1261602576	0.7026996241	0.6909219858	0.375	0.9726872247	0.4695548354	0.667733596	0.7591407678	0.3965517241	0.922752809	0.6858325667	0.5310546875	0.6859772604	0.7131979695	0.5387469085	0.3814616756	0.2973684211	0.483627204	0.3872146119	0.2484076433	0.1634615385	0	0.6666666667
0.4528777557	0.3930555741	0.5130077114	0.2419825073	0.326585695	0.3373493976	0.13	0.3223140496	0.3953488372	0.738020929	0.6778236041	0.6666666667	0.1600603622	0.1451612903	0.7538461538	0.2913907285	0.1013264554	0.1736111111	0.1433033971	0.6313617607	0.2078431373	0.0761507861	0.7349356419	0.6961702128	0.40234375	0.9837004405	0.4704076411	0.694940293	0.7728519196	0.3992740472	0.9508426966	0.718951242	0.539453125	0.7152138603	0.7106598985	0.5490519373	0.3796791444	0.3026315789	0.5113350126	0.396347032	0.2484076433	0.1634615385	0	0.6666666667
0.5333369093	0.4903201737	0.5195262338	0.3017492711	0.4170040486	0.3382761816	0.12	0.3553719008	0.3992248062	0.7398568019	0.6832170051	0.6363636364	0.164889336	0.1451612903	0.7384615385	0.2963576159	0.1540162122	0.1597222222	0.1571000911	0.5337001376	0.0519607843	0.0412956999	0.7555530243	0.704822695	0.44140625	1	0.4727954972	0.7077434445	0.7755941499	0.390199637	0.9761235955	0.730450782	0.544140625	0.736870601	0.7131979695	0.5556471558	0.422459893	0.3236842105	0.4937027708	0.4484018265	0.2611464968	0.1730769231	0.3333333333	0.6666666667
0.4689695864	0.5409510613	0.5247410517	0.2609329446	0.358974359	0.3299351251	0.14	0.3636363636	0.3992248062	0.7699651184	0.6981281726	0.6363636364	0.150804829	0.1290322581	0.7538461538	0.1970198675	0.1713338246	0.1736111111	0.1529350514	0.7448418157	0.0882352941	0.0568289449	0.7571477389	0.6994326241	0.44921875	0.9942731278	0.4681903462	0.7132832697	0.7696526508	0.3847549909	0.981741573	0.7520699172	0.549609375	0.7249593936	0.730964467	0.5585325639	0.4598930481	0.3447368421	0.5390428212	0.4748858447	0.2675159236	0.1826923077	0.3333333333	0.6666666667
0.2812315614	0.5329567106	0.5280003129	0.1603498542	0.2132253711	0.3206672845	0.14	0.3884297521	0.3875968992	0.7941986415	0.720732868	0.6666666667	0.152917505	0.1290322581	0.7538461538	0.3294701987	0.1296978629	0.15625	0.1393986724	0.5103163686	0.0107843137	0.0289827619	0.7658047614	0.6991489362	0.46875	0.9881057269	0.4693842743	0.7233780623	0.7787934186	0.3829401089	0.9620786517	0.7838086477	0.5498046875	0.7298321603	0.7284263959	0.5568837593	0.4616755793	0.3657894737	0.5793450882	0.4767123288	0.2738853503	0.2211538462	0.3333333333	0.6666666667
0.0023064957	0.5582721543	0.5345188353	0.0349854227	0.0256410256	0.3234476367	0.12	0.4214876033	0.2868217054	0.7803378006	0.7225571066	0.6363636364	0.1704225352	0.1451612903	0.7384615385	0.3427152318	0.1481208548	0.1736111111	0.1321098529	0.5742778542	0.0362745098	0.0318242091	0.7896115731	0.6981560284	0.484375	0.9938325991	0.4652908068	0.7436907546	0.7888482633	0.3784029038	0.9662921348	0.8068077277	0.55546875	0.7671900379	0.7208121827	0.5779060181	0.4777183601	0.3763157895	0.5818639798	0.502283105	0.3057324841	0.4423076923	0.6666666667	0.6666666667
0.136405085	0.5529425872	0.5397336532	0.0947521866	0.1147098516	0.3225208526	0.14	0.4628099174	0.3255813953	0.8191665137	0.749444797	0.6666666667	0.161971831	0.1451612903	0.7538461538	0.2450331126	0.1923360354	0.1736111111	0.1282051282	0.6458046768	0.0049019608	0.0109869293	0.8104567718	0.6960283688	0.49609375	0.9973568282	0.460856217	0.7633879109	0.7979890311	0.3811252269	0.9789325843	0.8307267709	0.5654296875	0.7791012453	0.7284263959	0.593569662	0.4884135472	0.3894736842	0.5415617128	0.496803653	0.2993630573	0.4134615385	0.6666666667	0.6666666667
0.4421498686	0.4396892862	0.5429929144	0.2594752187	0.3697705803	0.3067655236	0.15	0.4958677686	0.3449612403	0.8366073068	0.745161802	0.6363636364	0.1374245473	0.1129032258	0.7538461538	0.2491721854	0.1212232867	0.1736111111	0.1216972537	0.7455295736	0.0117647059	0.0668687251	0.8283403577	0.6910638298	0.5	0.9964757709	0.455057138	0.7782838853	0.8121572212	0.3747731397	0.9985955056	0.8298068077	0.579296875	0.7780184082	0.769035533	0.6228359439	0.4420677362	0.3789473684	0.5818639798	0.4529680365	0.2802547771	0.3557692308	0.6666666667	0.6666666667
0.5333369093	0.3544162125	0.550163289	0.3075801749	0.4358974359	0.3086190918	0.18	0.4876033058	0.4069767442	0.8824123371	0.7752220812	0.6666666667	0.1253521127	0.0967741935	0.7846153846	0.255794702	0.1396462786	0.1458333333	0.1076402447	0.6953232462	0.0490196078	0.0661110059	0.827315184	0.6787234043	0.51953125	0.9806167401	0.4455057138	0.7896097501	0.823583181	0.3711433757	0.9887640449	0.8316467341	0.5853515625	0.7980508933	0.7842639594	0.6170651278	0.3903743316	0.3710526316	0.5617128463	0.4173515982	0.2738853503	0.2884615385	1	0.6666666667
0.4636056429	0.3410922948	0.5560299591	0.2463556851	0.3441295547	0.3049119555	0.2	0.4876033058	0.503875969	0.9026069396	0.8041719543	0.696969697	0.1399396378	0.1129032258	0.7846153846	0.1688741722	0.1798084009	0.1423611111	0.1271638683	0.7943603851	0.0578431373	0.058723243	0.8505524547	0.6720567376	0.52734375	0.9735682819	0.439877196	0.8186630555	0.8500914077	0.3711433757	0.9985955056	0.8601655934	0.5939453125	0.8327016784	0.7868020305	0.6232481451	0.3992869875	0.3815789474	0.5591939547	0.4118721461	0.2611464968	0.2596153846	1	0.6666666667
0.2919594486	0.363742955	0.5573336636	0.1428571429	0.2010796221	0.2937905468	0.16	0.4958677686	0.488372093	0.9426289701	0.8300285533	0.7272727273	0.1288732394	0.0967741935	0.8	0.2392384106	0.1190125276	0.1388888889	0.1229988286	0.8624484182	0.1401960784	0.0712256109	0.8700307552	0.6717730496	0.54296875	0.981938326	0.4356131673	0.8393450696	0.8697440585	0.3784029038	1	0.8712051518	0.6017578125	0.8548998376	0.8147208122	0.6253091509	0.422459893	0.4	0.5591939547	0.4182648402	0.2675159236	0.2692307692	1	0.6666666667
0.1157539023	0.3475144231	0.5777887868	0.0641399417	0.0769230769	0.2993512512	0.17	0.5289256198	0.484496124	0.9479530017	0.8627062183	0.7272727273	0.1644869215	0.1290322581	0.7846153846	0.2102649007	0.200073692	0.1458333333	0.1440843421	0.7585969739	0.3352941176	0.1646145103	0.8969130881	0.6764539007	0.546875	0.9995594714	0.4342486782	0.8634740859	0.8967093236	0.3765880218	0.9943820225	0.9001839926	0.608203125	0.8798050893	0.8172588832	0.6281945589	0.3975044563	0.4131578947	0.5818639798	0.39543379	0.2356687898	0.1346153846	0	0.6666666667
0.2710937081	0.3519912595	0.5976898357	0.1632653061	0.2132253711	0.3160333642	0.19	0.4876033058	0.484496124	0.9506150174	0.8499365482	0.696969697	0.145472837	0.1129032258	0.7846153846	0.2210264901	0.163596168	0.1597222222	0.1427827671	0.7551581843	0.4843137255	0.7147186967	0.9075065497	0.6622695035	0.56640625	0.9559471366	0.4332253113	0.8828019205	0.9172760512	0.3793103448	0.9957865169	0.9199632015	0.6150390625	0.8922577152	0.8350253807	0.6430338005	0.4046345811	0.4368421053	0.5894206549	0.402739726	0.2420382166	0.1634615385	0	0.6666666667
0.4754599582	0.4322412162	0.6026113201	0.2755102041	0.383265857	0.3160333642	0.2	0.479338843	0.4689922481	0.9747567468	0.8553299492	0.6666666667	0.1257545272	0.0967741935	0.7846153846	0	0.1525423729	0.1979166667	0.1133671743	0.780605227	0.1480392157	0.0731199091	0.9291491058	0.6707801418	0.58203125	0.9911894273	0.4291318438	0.8965899298	0.9410420475	0.3765880218	0.9831460674	0.9241030359	0.625	0.8933405522	0.8604060914	0.6504534213	0.4367201426	0.4578947368	0.6020151134	0.4337899543	0.2420382166	0.1346153846	0	0.6666666667
0.499812262	0.504043809	0.6101923616	0.3104956268	0.4345479082	0.3160333642	0.21	0.4958677686	0.4573643411	0.9073802093	0.8064720812	0.5757575758	0.1377263581	0.1129032258	0.7384615385	0.1233443709	0.1672807664	0.1666666667	0.13744631	0.8383768913	0.0941176471	0.0856222769	0.9373504955	0.665106383	0.59765625	0.9823788546	0.4250383763	0.9071771513	0.9460694698	0.3802177858	0.9494382022	0.9351425943	0.63515625	0.8998375744	0.8781725888	0.6611706513	0.4652406417	0.4710526316	0.5994962217	0.4611872146	0.2165605096	0.0384615385	0.3333333333	0.6666666667
0.4169929732	0.5751269103	0.6147031791	0.2667638484	0.3724696356	0.3030583874	0.22	0.479338843	0.4534883721	0.9364787957	0.8251110406	0.6060606061	0.1292756539	0.0967741935	0.7384615385	0.1299668874	0.1691230656	0.15625	0.138227255	0.742778542	0.0107843137	0.0193218413	0.9531837339	0.6609929078	0.60546875	0.9766519824	0.4219682756	0.9256432353	0.9584095064	0.3856624319	0.9634831461	0.9480220791	0.6439453125	0.9155387114	0.8908629442	0.6685902721	0.4848484848	0.4789473684	0.59697733	0.4885844749	0.2101910828	0.0576923077	0.3333333333	0.6666666667
0.1733626562	0.5610035575	0.6169455508	0.1370262391	0.1875843455	0.2937905468	0.2	0.479338843	0.4612403101	0.9511657793	0.854536802	0.6060606061	0.1507042254	0.1290322581	0.7384615385	0.201986755	0.1510685335	0.1527777778	0.1412208773	0.6884456671	0.0107843137	0.0316347793	0.9617268482	0.6607092199	0.62109375	0.9828193833	0.4185570527	0.9333989905	0.9552102377	0.3838475499	0.9578651685	0.9521619135	0.6546875	0.9204114781	0.8984771574	0.6743610882	0.5098039216	0.4921052632	0.6095717884	0.5086757991	0.2292993631	0.0769230769	0.3333333333	0.6666666667
0	0.539698613	0.6312928185	0.0087463557	0	0.2873030584	0.19	0.4710743802	0.4612403101	0.936662383	0.8555678934	0.6060606061	0.167806841	0.1451612903	0.7230769231	0.1614238411	0.1764922623	0.1770833333	0.1792268645	0.6918844567	0.0333333333	0.0395908316	0.9571705206	0.6536170213	0.6328125	0.9709251101	0.4141224629	0.9390619229	0.9565813528	0.3829401089	0.9606741573	0.9563017479	0.66015625	0.9225771521	0.9010152284	0.6595218467	0.5365418895	0.4947368421	0.6221662469	0.5415525114	0.2420382166	0.1634615385	0.6666666667	0.6666666667
0.0530494019	0.4936111814	0.6401449719	0	0.008097166	0.265987025	0.13	0.4628099174	0.4534883721	0.9161923995	0.8313769036	0.5454545455	0.1595573441	0.1290322581	0.6923076923	0.2541390728	0.15917465	0.1701388889	0.17271899	0.6444291609	0.0166666667	0.0287933321	0.9551201731	0.6385815603	0.62890625	0.9488986784	0.4047415999	0.9431244614	0.9556672761	0.3765880218	0.9213483146	0.9627414903	0.671484375	0.9236599892	0.8908629442	0.6821929101	0.5294117647	0.5	0.6146095718	0.5452054795	0.2420382166	0.25	0.6666666667	0.6666666667
0.3126642708	0.4964624998	0.6457965308	0.1516034985	0.2442645074	0.2446709917	0.15	0.4710743802	0.4341085271	0.9677804296	0.8841211929	0.6060606061	0.1699195171	0.1451612903	0.7230769231	0.2069536424	0.2092851879	0.1458333333	0.1682936353	0.6444291609	0.0068627451	0.0159121046	0.963435471	0.6279432624	0.625	0.9343612335	0.3977485929	0.9548196479	0.9689213894	0.3765880218	0.8834269663	0.9645814167	0.6814453125	0.9463995669	0.8807106599	0.7040395713	0.5418894831	0.5105263158	0.6272040302	0.5634703196	0.2484076433	0.2211538462	0.6666666667	0.6666666667
0.4494448318	0.500166549	0.6597983169	0.2128279883	0.330634278	0.2483781279	0.19	0.4710743802	0.5581395349	0.9404259225	0.8657994924	0.5454545455	0.1766599598	0.1451612903	0.6923076923	0.1970198675	0.2866617539	0.1701388889	0.1832617467	0.7035763411	0.0205882353	0.0147755257	0.972434218	0.6217021277	0.62890625	0.9290748899	0.392120075	0.9677459067	0.9716636197	0.3747731397	0.8651685393	0.9806807728	0.6890625	0.9669734705	0.885786802	0.7114591921	0.5739750446	0.5342105263	0.6322418136	0.5945205479	0.2356687898	0.1923076923	1	0.6666666667
0.4164029394	0.5817355735	0.6692241003	0.1836734694	0.290148448	0.2446709917	0.18	0.479338843	0.5736434109	1	0.9175126904	0.6060606061	0.1769617706	0.1451612903	0.7230769231	0.2798013245	0.1904937362	0.1805555556	0.1802681244	0.742090784	0.0323529412	0.0106080697	0.9851919353	0.6165957447	0.66015625	0.9105726872	0.3917789528	0.9814108088	1	0.3711433757	0.8398876404	0.9820607176	0.6931640625	0.9864645371	0.9137055838	0.7267106348	0.6434937611	0.5631578947	0.6498740554	0.6584474886	0.2993630573	0.2884615385	1	0.6666666667
0.2665343561	0.5711563828	0.6730048433	0.0801749271	0.1430499325	0.2279888786	0.19	0.4958677686	0.5465116279	0.9704424454	0.9240958122	0.6060606061	0.2177062374	0.1935483871	0.6923076923	0.3402317881	0.2402358143	0.15625	0.2047377327	0.636176066	0.1725490196	0.1199090737	0.9953297642	0.6109219858	0.6796875	0.8960352423	0.389732219	0.9921211375	0.9949725777	0.3711433757	0.8216292135	1	0.7021484375	0.9945858148	0.9416243655	0.7440230833	0.6399286988	0.5789473684	0.6725440806	0.6474885845	0.2547770701	0.3269230769	1	0.6666666667
0.1453092313	0.5838274286	0.6923322621	0.0306122449	0.0566801619	0.2437442076	0.22	0.5289256198	0.5813953488	0.9818248577	0.9365482234	0.6666666667	0.2210261569	0.1935483871	0.7230769231	0.2028145695	0.2516580693	0.1840277778	0.2016139529	0.6843191197	0.2794117647	0.0613752605	1	0.6076595745	0.703125	0.8920704846	0.3863209961	1	0.9958866545	0.3711433757	0.8146067416	1	0.712109375	1	0.9568527919	0.7440230833	0.6737967914	0.6157894737	0.7380352645	0.6867579909	0.2611464968	0.4230769231	0	0.6666666667
0.2534999732	0.5801100556	0.7028857499	0.110787172	0.1646423752	0.2428174235	0.32	0.5702479339	0.5813953488	0.9597943822	0.9026808376	0.6060606061	0.2022132797	0.1774193548	0.7076923077	0.2831125828	0.2369196758	0.1666666667	0.2073408825	0.6396148556	0.2725490196	0.1854517901	0.990431712	0.5974468085	0.7109375	0.8718061674	0.381545284	0.9921211375	0.9712065814	0.3675136116	0.7991573034	0.981600736	0.71953125	0.9983757445	0.9822335025	0.7654575433	0.679144385	0.6447368421	0.7607052897	0.6785388128	0.2675159236	0.4423076923	0	0.6666666667
0.4104489621	0.6476756425	0.7077094564	0.2099125364	0.30634278	0.2428174235	0.37	0.5867768595	0.5542635659	0.9552964935	0.9246510152	0.6363636364	0.2349094567	0.2096774194	0.6923076923	0.4188741722	0.297715549	0.1527777778	0.2364961604	0.57565337	0.1823529412	0.0418639894	0.979610434	0.5880851064	0.73828125	0.8568281938	0.3748933993	0.9864582051	0.9584095064	0.3684210526	0.8005617978	0.9526218951	0.72890625	0.9918787223	1	0.7724649629	0.7504456328	0.6973684211	0.8136020151	0.7397260274	0.2738853503	0.5192307692	0	0.6666666667
0.4665558118	0.6989194303	0.7095802723	0.2478134111	0.371120108	0.2252085264	0.39	0.6033057851	0.5852713178	0.9573159537	0.911643401	0.5757575758	0.2162977867	0.1935483871	0.6923076923	0.1531456954	0.3117170228	0.1666666667	0.2285565534	0.6629986245	0.0950980392	0.0486834628	0.9559175305	0.570070922	0.734375	0.8259911894	0.3653419751	0.9756247692	0.9177330896	0.3602540835	0.7808988764	0.9530818767	0.7396484375	0.9745533297	1	0.775350371	0.8181818182	0.7131578947	0.8664987406	0.8054794521	0.3566878981	0.5384615385	0.3333333333	0.6666666667
0.3888859089	0.7948649621	0.7102712357	0.2201166181	0.326585695	0.2289156627	0.39	0.6446280992	0.5813953488	0.9388654305	0.9563769036	0.6363636364	0.2931589537	0.2580645161	0.6615384615	0.803807947	0.2759764186	0.15625	0.2541975791	0.6753782669	0.0392156863	0.0365599545	0.9342749744	0.5597163121	0.76171875	0.8044052863	0.3600545796	0.9580204358	0.8811700183	0.3584392015	0.7752808989	0.9218031279	0.7484375	0.9577693557	0.9923857868	0.786067601	0.8877005348	0.7236842105	0.8916876574	0.8721461187	0.3885350318	0.6826923077	0.3333333333	0.6666666667
0.1903663573	0.8864802206	0.7113533104	0.0874635569	0.1255060729	0.2279888786	0.41	0.6776859504	0.5503875969	0.9213328438	0.9556630711	0.6363636364	0.3115694165	0.2903225806	0.6461538462	0.3741721854	0.474944731	0.1736111111	0.2724196277	0.7888583219	0.0235294118	0.03087706	0.9117211528	0.5426950355	0.78125	0.7753303965	0.3499914719	0.9443555337	0.8500914077	0.3502722323	0.7514044944	0.9029438822	0.7583984375	0.9485652409	0.9670050761	0.7996702391	0.9643493761	0.7578947368	0.919395466	0.9433789954	0.3949044586	0.7596153846	0.3333333333	0.6666666667
0.0440379767	0.8984717466	0.7134001265	0.0189504373	0	0.2576459685	0.45	0.7438016529	0.5503875969	0.902239765	0.9686706853	0.6363636364	0.3489939638	0.3225806452	0.6153846154	0.4536423841	0.4123065586	0.1701388889	0.2919432513	0.7737276479	0.0117647059	0.0115552188	0.8878004329	0.524822695	0.796875	0.7511013216	0.337199386	0.9279822726	0.8176416819	0.3375680581	0.7331460674	0.8748850046	0.7666015625	0.9415268002	0.9593908629	0.8198680956	1	0.8078947368	0.9319899244	1	0.4713375796	0.8076923077	0.6666666667	0.6666666667
0.163975755	0.8087085127	0.7180282774	0.1195335277	0.1524966262	0.2576459685	0.45	0.7520661157	0.5852713178	0.8715806866	0.9818369289	0.6363636364	0.3992957746	0.3709677419	0.5846153846	0.8029801325	0.3798820929	0.1944444444	0.3453078225	1	0.0176470588	0.0251941656	0.8565895888	0.5082269504	0.828125	0.7308370044	0.3237250554	0.9061922935	0.7742230347	0.3266787659	0.7106741573	0.8422263109	0.7775390625	0.9269085003	0.9289340102	0.8281121187	0.9197860963	0.7526315789	0.9068010076	0.9168949772	0.5732484076	0.7115384615	0.6666666667	0.6666666667
0.4201576999	0.7685901963	0.7219263537	0.2973760933	0.4102564103	0.2594995366	0.51	0.7685950413	0.5930232558	0.8590049569	0.9749365482	0.5757575758	0.4044265594	0.3709677419	0.5692307692	0.4486754967	0.484156227	0.2291666667	0.3861772745	0.7365887208	0.1735294118	0.2026899034	0.8073812507	0.4865248227	0.84375	0.6986784141	0.3093979192	0.8727071279	0.7221206581	0.3148820327	0.6629213483	0.8100275989	0.7783203125	0.902544667	0.9289340102	0.8252267106	0.8270944742	0.7263157895	0.8589420655	0.8319634703	0.5286624204	0.5961538462	0.6666666667	0.6666666667
0.4720270343	0.6008820434	0.7268152455	0.306122449	0.4035087719	0.265060241	0.64	0.7851239669	0.7868217054	0.8344960529	1	0.6060606061	0.4629778672	0.435483871	0.5384615385	0.7177152318	0.4922623434	0.2743055556	0.4447481453	0.7028885832	0.0352941176	0.009282061	0.7516801458	0.4568794326	0.8359375	0.6647577093	0.2872249702	0.8393450696	0.676416819	0.3058076225	0.6165730337	0.7566697332	0.7806640625	0.8879263671	0.9365482234	0.8215169002	0.6809269162	0.6578947368	0.8110831234	0.6547945205	0.4840764331	0.4711538462	1	0.6666666667
0.4286863702	0.3167095253	0.7320300634	0.2682215743	0.3643724696	0.2381835032	0.63	0.8016528926	0.7713178295	0.7689553883	0.9799333756	0.5454545455	0.5093561368	0.4838709677	0.4923076923	0.8435430464	0.5666912307	0.2361111111	0.5134713003	0.5632737276	0.0764705882	0.0238681568	0.6602118692	0.4181560284	0.8203125	0.5964757709	0.2677809995	0.7748368829	0.5763254113	0.2876588022	0.5533707865	0.6720331187	0.7875	0.8592311857	0.8401015228	0.8190436933	0.5098039216	0.5552631579	0.725440806	0.4904109589	0.4522292994	0.3173076923	1	0.6666666667
0.2064581881	0.1840566	0.7352958431	0.1078717201	0.1403508772	0.2233549583	0.56	0.7933884298	0.7868217054	0.7001101524	0.9802506345	0.5454545455	0.5853118712	0.564516129	0.4307692308	0.7855960265	0.6569638909	0.2708333333	0.5682676038	0.5584594223	0.1833333333	0.1589316158	0.5849185556	0.3770212766	0.796875	0.5502202643	0.2372505543	0.7295334236	0.5041133455	0.2667876588	0.5014044944	0.6168353266	0.794140625	0.8402815376	0.7664974619	0.8178070899	0.4117647059	0.4868421053	0.677581864	0.4091324201	0.2738853503	0.1923076923	1	0.6666666667
0.0971946575	0.2147149348	0.7528958536	0.0466472303	0.036437247	0.2363299351	0.6	0.826446281	0.7868217054	0.5953736001	0.9493178934	0.5151515152	0.6607645875	0.6451612903	0.3692307692	1	0.7129697863	0.2673611111	0.6699206039	0.5949105915	0.2901960784	0.170107975	0.4917416562	0.3131914894	0.7734375	0.4854625551	0.1865938939	0.6816447125	0.4323583181	0.2468239564	0.4325842697	0.5505979761	0.8029296875	0.8164591229	0.7208121827	0.8264633141	0.385026738	0.5078947368	0.6801007557	0.396347032	0.1210191083	0.0673076923	0	1
0.3008635949	0.2515022717	0.7700330489	0.1880466472	0.2348178138	0.249304912	0.65	0.8181818182	0.7829457364	0.5469983477	0.9719225888	0.5454545455	0.7423541247	0.7258064516	0.3230769231	0.9238410596	0.811348563	0.2777777778	0.7507484056	0.6685006878	0.1843137255	0.0483046031	0.4092721267	0.2719148936	0.71484375	0.4370044053	0.1582807436	0.6282161763	0.3647166362	0.2368421053	0.3581460674	0.4659613615	0.8056640625	0.7980508933	0.6751269036	0.8268755153	0.385026738	0.5	0.6725440806	0.3799086758	0.0828025478	0.0096153846	0	1
0.4830231186	0.2515289196	0.7759714228	0.3075801749	0.4075573549	0.2548656163	0.68	0.8347107438	0.7635658915	0.4638333027	0.9419416244	0.4848484848	0.7955734406	0.7903225806	0.2615384615	0.9114238411	0.8758290346	0.3020833333	0.8090589613	0.7303988996	0.112745098	0.0467891646	0.3182594829	0.2228368794	0.6328125	0.3696035242	0.1289442265	0.5739258894	0.2856489945	0.2268602541	0.3019662921	0.4047838086	0.806640625	0.7650243638	0.6040609137	0.8219291014	0.3957219251	0.4789473684	0.6599496222	0.3789954338	0.0318471338	0	0	1
0.5123638899	0.285651473	0.7828680195	0.3177842566	0.4237516869	0.2455977757	0.71	0.8181818182	0.7674418605	0.4546539379	0.9662912437	0.4848484848	0.8365191147	0.8225806452	0.2461538462	0.8451986755	0.8820928519	0.3298611111	0.8608616426	0.7469050894	0.0529411765	0.0346656564	0.2394350154	0.174751773	0.5703125	0.3061674009	0.0984137813	0.5169272436	0.2175502742	0.1978221416	0.2289325843	0.3367065317	0.8068359375	0.7260422306	0.576142132	0.8672712284	0.4171122995	0.4947368421	0.6649874055	0.4191780822	0	0.0192307692	0.3333333333	1
0.4402188489	0.3458222856	0.7882197264	0.27696793	0.367071525	0.2418906395	0.7	0.8181818182	0.7480620155	0.4216082247	0.9940513959	0.5151515152	0.9078470825	0.9032258065	0.2153846154	0.7740066225	1	0.3576388889	0.9263308603	0.3768913343	0.0666666667	0.0248153059	0.1983141588	0.1404255319	0.5	0.2810572687	0.0699300699	0.5083097378	0.1919561243	0.1751361162	0.1896067416	0.3072677093	0.8171875	0.7558202491	0.5634517766	0.8470733718	0.4527629234	0.5078947368	0.6624685139	0.4666666667	0	0.0865384615	0.3333333333	1
0.2891165585	0.4614072722	0.7886043192	0.1822157434	0.2280701754	0.234476367	0.7	0.8016528926	0.7674418605	0.3948962732	0.9884993655	0.5151515152	0.9301810865	0.9193548387	0.1846153846	0.7011589404	0.854458364	0.4097222222	0.9433814916	0.3425034388	0.0117647059	0.025762455	0.1434104112	0.1065248227	0.46484375	0.2427312775	0.045539826	0.4852886864	0.1622486289	0.1624319419	0.154494382	0.2612695492	0.82421875	0.7422847861	0.578680203	0.8239901072	0.5098039216	0.5394736842	0.6801007557	0.5123287671	0.050955414	0.1730769231	0.3333333333	1
0.1265354288	0.443939616	0.7930499514	0.0816326531	0.0931174089	0.2159406858	0.66	0.8099173554	0.7131782946	0.3846153846	0.9732709391	0.4545454545	0.9220321932	0.9193548387	0.1692307692	0.6978476821	0.6735445836	0.4513888889	0.9346609397	0.4711141678	0.0088235294	0.0085243417	0.1047955348	0.085106383	0.43359375	0.2066079295	0.0351355961	0.4674381386	0.1188299817	0.1497277677	0.1390449438	0.2470101196	0.8271484375	0.7395776936	0.5685279188	0.8062654575	0.4973262032	0.5289473684	0.685138539	0.4922374429	0.0382165605	0.1442307692	0.6666666667	1
0.2112320978	0.4722129695	0.7985646214	0.1224489796	0.1821862348	0.1890639481	0.57	0.8099173554	0.7403100775	0.3448687351	0.9559010152	0.4242424242	0.9436619718	0.935483871	0.1384615385	0.5554635762	0.8131908622	0.4583333333	0.9596511779	0.3218707015	0.0078431373	0.0034097367	0.0784827429	0.0669503546	0.40234375	0.1718061674	0.0281425891	0.456235381	0.1019195612	0.1388384755	0.1039325843	0.2368905244	0.835546875	0.7249593936	0.5406091371	0.8013190437	0.5294117647	0.5473684211	0.6926952141	0.5269406393	0.0636942675	0.1826923077	0.6666666667	1
0.4837740707	0.465324504	0.8067518855	0.3119533528	0.4682860999	0.1760889713	0.6	0.8099173554	0.7054263566	0.2821736736	0.913626269	0.3333333333	0.9588531187	0.9677419355	0.0769230769	0.4437086093	0.7593957259	0.5069444444	1	0.3287482806	0.0333333333	0.0109869293	0.0558150131	0.050212766	0.390625	0.1405286344	0.0206378987	0.4481103041	0.0708409506	0.1397459165	0.0912921348	0.2364305428	0.8380859375	0.7282079047	0.5203045685	0.7951360264	0.5329768271	0.5421052632	0.7052896725	0.5287671233	0.076433121	0.1730769231	0.6666666667	1
0.5624094835	0.4850705501	0.8120253701	0.3527696793	0.5533063428	0.1427247451	0.58	0.8099173554	0.7906976744	0.2478428493	0.916481599	0.303030303	1	1	0.0461538462	0.7665562914	0.6790714812	0.5381944444	0.9960952753	0.3253094911	0.0921568627	0.0759613563	0.0328055587	0.0341843972	0.3671875	0.1149779736	0.0122804025	0.4334605441	0.0415904936	0.1379310345	0.0702247191	0.2401103956	0.844140625	0.6968056308	0.4720812183	0.807502061	0.550802139	0.5421052632	0.7229219144	0.5534246575	0.0573248408	0.1153846154	1	1
0.4865633214	0.5306649967	0.819997523	0.2959183673	0.4790823212	0.1297497683	0.56	0.8181818182	0.8139534884	0.2667523407	0.9173540609	0.303030303	0.9804828974	0.9838709677	0.0461538462	0.4056291391	0.6370670597	0.5902777778	0.9708447221	0.3548830812	0.0774509804	0.0746353476	0.0280214147	0.0253900709	0.375	0.1017621145	0.0064813236	0.4359226887	0.0251371115	0.1243194192	0.0730337079	0.2658693652	0.8509765625	0.68976719	0.4492385787	0.807502061	0.5828877005	0.5684210526	0.7430730479	0.5826484018	0.0573248408	0.1538461538	1	1
0.3125569919	0.5294791681	0.8200431526	0.1647230321	0.2928475034	0.1075069509	0.58	0.8016528926	0.7945736434	0.2080961997	0.8585025381	0.1818181818	0.9701207243	0.9838709677	0	0.4842715232	0.6403831982	0.6145833333	0.9562670832	0.1877579092	0.2254901961	0.221632885	0.0085431142	0.0167375887	0.3828125	0.0872246696	0.0013644892	0.4286593623	0.0114259598	0.1143375681	0.0561797753	0.2723091076	0.8576171875	0.6605305901	0.4492385787	0.7864798021	0.5882352941	0.5894736842	0.7556675063	0.5789954338	0.101910828	0.1923076923	1	1
0.1691251408	0.5655203656	0.8405178314	0.083090379	0.1794871795	0.1130676552	0.48	0.8016528926	0.8217054264	0.2569304204	0.8872937817	0.2424242424	0.952917505	0.9516129032	0.0461538462	0.4983443709	0.611274871	0.6319444444	0.9148770012	0.242090784	0.2431372549	0.0524720591	0.0039867866	0.0076595745	0.40234375	0.0603524229	0	0.4316139357	0.0036563071	0.111615245	0.0407303371	0.2925482981	0.8611328125	0.655116405	0.4568527919	0.7864798021	0.614973262	0.6157894737	0.7632241814	0.6100456621	0.152866242	0.1442307692	0	1
0.2923349246	0.5503577472	0.8631762152	0.1618075802	0.2928475034	0.1195551437	0.49	0.8016528926	0.8178294574	0.2720763723	0.9071224619	0.2727272727	0.9615694165	0.9677419355	0.0461538462	0.375	0.6061164333	0.6145833333	0.9465052714	0.3039889959	1	1	0	0	0.42578125	0.0321585903	6.822445846836091E-4	0.4349378309	0	0.1079854809	0.029494382	0.3058877645	0.866015625	0.6556578235	0.4365482234	0.7831821929	0.6131907308	0.6052631579	0.7758186398	0.5936073059	0.1401273885	0.1346153846	0	1
0.4393069785	0.5888372217	0.8723738503	0.2740524781	0.4669365722	0.1056533828	0.51	0.8099173554	0.7984496124	0.2877730861	0.9277442893	0.2727272727	0.9705231388	0.9677419355	0.0461538462	0.3178807947	0.5652173913	0.6701388889	0.938435507	0.2757909216	0.1215686275	0.0431899981	0.0215286479	0.0053900709	0.453125	0.0422907489	0.0020467338	0.4476178752	0.0141681901	0.0952813067	0.0098314607	0.3045078197	0.8787109375	0.6697347049	0.4670050761	0.8029678483	0.6221033868	0.6289473684	0.7783375315	0.6100456621	0.1337579618	0.0192307692	0	1
0.436410449	0.6158314791	0.8770671864	0.2682215743	0.4696356275	0.0880444856	0.5	0.8016528926	0.8100775194	0.3309161006	0.9724777919	0.3333333333	0.9798792757	0.9838709677	0.0769230769	0.3220198675	0.4904200442	0.7291666667	0.9150071587	0.2778541953	0.0166666667	0.0151543853	0.0487527053	0.0119148936	0.48046875	0.0453744493	0.0075046904	0.4657146374	0.0191956124	0.0907441016	0.0210674157	0.3408463661	0.8806640625	0.6903086086	0.4822335025	0.8219291014	0.6470588235	0.6631578947	0.7884130982	0.6337899543	0.1464968153	0.0961538462	0.3333333333	1
0.3813763879	0.6259443327	0.8769302974	0.2157434402	0.3940620783	0.0871177016	0.49	0.8099173554	0.8100775194	0.3340370846	0.947731599	0.2727272727	0.9451710262	0.935483871	0.0769230769	0.3874172185	0.5106853353	0.7569444444	0.9009501497	0.3480055021	0.0274509804	0.0426217087	0.1075293314	0.0120567376	0.51171875	0.0273127753	0.0133037694	0.4759325372	0.0269652651	0.0871143376	0.0126404494	0.3555657774	0.885546875	0.7038440715	0.4670050761	1	0.6292335116	0.6789473684	0.7884130982	0.601826484	0.1974522293	0.0673076923	0.3333333333	1
0.2399291959	0.5927411296	0.8800852623	0.1355685131	0.2874493927	0.062094532	0.49	0.8016528926	0.7906976744	0.3154029741	0.9030774112	0.1818181818	0.909054326	0.9032258065	0.0461538462	0.3733443709	0.525055269	0.7777777778	0.8833788885	0.2180192572	0.0147058824	0.0155332449	0.0885066636	0.0124822695	0.52734375	0.0224669604	0.0150093809	0.4868890804	0.0306215722	0.0735027223	0.0056179775	0.3863845446	0.890234375	0.7168381159	0.4314720812	0.8932399011	0.6024955437	0.6552631579	0.7632241814	0.5835616438	0.2038216561	0.0576923077	0.3333333333	1
0.0701067425	0.5989234274	0.8789249653	0.0466472303	0.1497975709	0.0565338276	0.56	0.8099173554	0.7751937984	0.3155865614	0.9106123096	0.1818181818	0.9183098592	0.9193548387	0.0461538462	0.4321192053	0.4911569639	0.75	0.876090069	0	0.0137254902	0.0187535518	0.0818999886	0.0139007092	0.55078125	0.0154185022	0.0184206038	0.496983873	0.0452468007	0.0780399274	0	0.3900643974	0.89375	0.7233351381	0.4593908629	0.8314097279	0.6024955437	0.65	0.7556675063	0.5853881279	0.2292993631	0.1057692308	0.6666666667	1
0.1310411414	0.6069977216	0.882640523	0.0962099125	0.2321187584	0.0454124189	0.53	0.8016528926	0.7906976744	0.3338534973	0.9363895939	0.2121212121	0.9309859155	0.935483871	0.0461538462	0.3501655629	0.6724392041	0.7465277778	0.8971755825	0.1354883081	0.0196078431	0.0077666225	0.0760906709	0.0154609929	0.58203125	0.0242290749	0.0155210643	0.5113874184	0.0461608775	0.0807622505	0.0042134831	0.4107635695	0.900390625	0.7422847861	0.4467005076	0.7576257214	0.6114081996	0.6763157895	0.7758186398	0.5936073059	0.2292993631	0.1442307692	0.6666666667	1
0.3639435713	0.5918084554	0.8964793461	0.2419825073	0.4520917679	0.0481927711	0.52	0.8016528926	0.7868217054	0.3344042592	0.9240958122	0.1818181818	0.9147887324	0.9193548387	0.0461538462	0.4238410596	0.5884303611	0.7430555556	0.8944422752	0.0557083906	0.0058823529	0.0106080697	0.0730151498	0.0139007092	0.60546875	0.0158590308	0.0158621866	0.526898929	0.0635283364	0.0735027223	0.0154494382	0.4213431463	0.9	0.7731456416	0.4720812183	0.6990931575	0.6114081996	0.6947368421	0.7808564232	0.5926940639	0.2356687898	0.1923076923	0.6666666667	1
0.4521804431	0.6189359519	0.9011792007	0.249271137	0.4682860999	0.0398517146	0.51	0.7933884298	0.8488372093	0.309436387	0.9075190355	0.1212121212	0.9210261569	0.9193548387	0.0153846154	0.2955298013	0.6064848931	0.7708333333	0.8613822725	0.0687757909	0.0254901961	3.7885963250615644E-4	0.0980749516	0.0161702128	0.640625	0.0189427313	0.0158621866	0.5490582297	0.0891224863	0.0698729583	0.0224719101	0.4466421343	0.9119140625	0.7634001083	0.5355329949	0.7089859852	0.6363636364	0.7210526316	0.7783375315	0.6173515982	0.178343949	0.2211538462	1	1
0.4007402242	0.6366700865	0.9046209805	0.2201166181	0.4385964912	0.0185356812	0.51	0.7851239669	0.8410852713	0.2970442445	0.9338515228	0.1515151515	0.9681086519	0.9677419355	0	0.4701986755	0.5843773029	0.7673611111	0.9324482624	0.0818431912	0.0284313725	0.0147755257	0.1118578426	0.0163120567	0.65234375	0.0140969163	0.0173972369	0.5654314908	0.0987202925	0.0680580762	0.0308988764	0.4829806808	0.9193359375	0.7644829453	0.5076142132	0.7036273702	0.6737967914	0.7710526316	0.798488665	0.6447488584	0.1656050955	0.3076923077	1	1
0.2129485598	0.675948996	0.9068307596	0.0816326531	0.2429149798	0	0.5	0.8016528926	0.8333333333	0.3230218469	0.8999048223	0.0909090909	0.8965794769	0.9032258065	0.0153846154	0.3261589404	0.5316875461	0.7916666667	0.8563061304	0.1863823934	0.1647058824	0.0551240765	0.1255268254	0.0168794326	0.65234375	0.0092511013	0.0199556541	0.5821740736	0.1087751371	0.0653357532	0.0421348315	0.520699172	0.9216796875	0.7758527342	0.4923857868	0.6953833471	0.7058823529	0.7947368421	0.798488665	0.6694063927	0.2292993631	0.4903846154	1	1
0.1336694738	0.7132959375	0.9193463226	0.0874635569	0.2348178138	0.0287303058	0.5	0.8429752066	0.8604651163	0.3331191482	0.8711135787	0.0606060606	0.8488933602	0.8548387097	0.0307692308	0.2913907285	0.4745762712	0.8680555556	0.8024209293	0.1526822558	0.8578431373	0.9077476795	0.1380567263	0.0219858156	0.671875	0	0.0288248337	0.5923919734	0.1297989031	0.057168784	0.0379213483	0.5418583257	0.9251953125	0.771521386	0.4746192893	0.6916735367	0.7415329768	0.8368421053	0.8312342569	0.701369863	0.2675159236	0.6826923077	0	1
0.2333315454	0.7436078505	0.94132678	0.1690962099	0.3400809717	0.046339203	0.55	0.8760330579	0.8682170543	0.3534055443	0.8752379442	0.0606060606	0.8319919517	0.8387096774	0.0307692308	0.0836092715	0.4996315402	0.8784722222	0.7860210855	0.1079779917	0.3764705882	0.3527183179	0.1631165281	0.0323404255	0.68359375	0.0145374449	0.0351355961	0.6150437031	0.1503656307	0.05353902	0.0421348315	0.5643974241	0.930859375	0.8023822415	0.4873096447	0.676422094	0.7825311943	0.8815789474	0.8513853904	0.7333333333	0.2993630573	0.7788461538	0	1
0.3719358472	0.8617110575	0.9452900417	0.2623906706	0.4898785425	0.0287303058	0.54	0.8925619835	0.8720930233	0.3729575913	0.882376269	0.0606060606	0.8196177062	0.8225806452	0.0461538462	0.107615894	0.443257185	0.9305555556	0.7739164389	0.0955983494	0.137254902	0.0431899981	0.1911379428	0.0391489362	0.7421875	0.0176211454	0.0395701859	0.6412655423	0.1640767824	0.0517241379	0.0617977528	0.604875805	0.935546875	0.8370330265	0.4746192893	0.6702390767	0.8538324421	0.9315789474	0.8916876574	0.8136986301	0.3885350318	0.875	0	1
0.4282036153	0.9493557886	0.9528971573	0.2900874636	0.5222672065	0.0398517146	0.57	0.9173553719	0.8914728682	0.3604736552	0.8845970812	0.0606060606	0.8361167002	0.8387096774	0.0307692308	0.3460264901	0.4447310243	0.9097222222	0.765716517	0.1272352132	0.05	0.0327713582	0.2197288985	0.0446808511	0.7890625	0.0171806167	0.044345898	0.6689646682	0.2033820841	0.0508166969	0.0561797753	0.627874885	0.9462890625	0.8565240931	0.4822335025	0.6648804617	0.9180035651	0.9605263158	0.9219143577	0.8703196347	0.4713375796	0.8557692308	0.3333333333	1
0.4374295982	1	0.9570233819	0.2944606414	0.5128205128	0.0537534754	0.64	0.9256198347	0.8837209302	0.3769965118	0.906805203	0.0606060606	0.8461770624	0.8387096774	0.0307692308	0.3145695364	0.4377302874	0.9548611111	0.7746973838	0.2138927098	0.0431372549	0.0433794279	0.2258799408	0.0475177305	0.82421875	0.0185022026	0.0457103872	0.6797981041	0.2084095064	0.0508166969	0.0758426966	0.6536338546	0.95	0.8484028154	0.4898477157	0.6426215993	0.9215686275	0.9736842105	0.9521410579	0.8493150685	0.4968152866	0.8653846154	0.3333333333	1
0.3520356166	0.9467309768	0.9575579008	0.2521865889	0.4493927126	0.0481927711	0.66	0.9504132231	0.8953488372	0.3381677988	0.8837246193	0.0303030303	0.8594567404	0.8548387097	0	0.6299668874	0.461311717	0.9618055556	0.7724847065	0.1863823934	0.0068627451	0.0132600871	0.2354482287	0.050070922	0.859375	0.0171806167	0.0477571209	0.6901391112	0.2239488117	0.0490018149	0.0575842697	0.6559337626	0.9548828125	0.8673524635	0.4898477157	0.6352019786	0.9055258467	0.9789473684	0.9697732997	0.8292237443	0.4777070064	0.8846153846	0.3333333333	1
0.2506570831	0.9375507974	0.9625250148	0.193877551	0.3643724696	0.0398517146	0.68	0.958677686	0.9031007752	0.3441343859	0.8796795685	0	0.8477867203	0.8548387097	0	0.3046357616	0.4933677229	0.9756944444	0.7611610048	0.1127922971	0.0088235294	0	0.246383415	0.0574468085	0.89453125	0.022907489	0.0528739553	0.7052813	0.2353747715	0.0453720508	0.0519662921	0.6738730451	0.9646484375	0.8765565782	0.4898477157	0.6026380874	0.9090909091	0.9657894737	0.9899244332	0.8319634703	0.4458598726	0.9230769231	0.6666666667	1
0.4005256665	0.9378838954	0.9665860543	0.2711370262	0.4817813765	0.047265987	0.63	0.9669421488	0.9147286822	0.3720396549	0.9047430203	0.0303030303	0.8489939638	0.8548387097	0.0153846154	0.3534768212	0.4771554901	0.9791666667	0.7577769101	0.22696011	0.0019607843	0	0.2560656111	0.0568794326	0.90625	0.0185022026	0.0533856388	0.7121753047	0.2390310786	0	0.058988764	0.6922723091	0.97109375	0.8830536004	0.5101522843	0.6162407255	0.9001782531	0.9815789474	0.9848866499	0.8118721461	0.4458598726	0.9903846154	0.6666666667	1
0.6200182374	0.924333471	0.9708230938	0.389212828	0.6761133603	0.0278035218	0.59	0.9669421488	0.8992248062	0.4044428126	0.9309168782	0.0303030303	0.8466800805	0.8387096774	0.0307692308	0.3609271523	0.434045689	0.9826388889	0.7458024209	0.2455295736	0.0382352941	0.0111763592	0.2790750655	0.0615602837	0.9296875	0.0317180617	0.0528739553	0.7347039271	0.2458866545	0.0308529946	0.0505617978	0.7194112236	0.982421875	0.8938819708	0.5177664975	0.6104699093	0.8966131907	1	0.9848866499	0.8146118721	0.4394904459	1	0.6666666667	1
0.7407069678	0.8782193916	0.984114361	0.4402332362	0.7597840756	0.0166821131	0.58	0.9752066116	1	0.4218836057	0.9351205584	0.0303030303	0.8327967807	0.8225806452	0.0307692308	0.3054635762	0.5751658069	0.9409722222	0.7322660419	0.1994497937	0.0294117647	0.0286039023	0.2918327828	0.0624113475	0.953125	0.027753304	0.0544090056	0.7510771882	0.258226691	0.0281306715	0.0575842697	0.7382704692	0.9896484375	0.9101245263	0.5076142132	0.5993404782	0.8877005348	0.9289473684	1	0.797260274	0.3821656051	0.9038461538	1	1
0.7298718017	0.8663078091	0.994909034	0.4387755102	0.7624831309	0.0046339203	0.6	0.9752066116	0.992248062	0.450982192	0.9256027919	0	0.7889336016	0.7903225806	0.0461538462	0.1680463576	0.43183493	1	0.6899648575	0.2689133425	0.0480392157	0.027846183	0.3097163686	0.0635460993	0.96875	0.0281938326	0.0549206891	0.7720054167	0.2819926874	0.0263157895	0.0730337079	0.7562097516	0.9935546875	0.932864104	0.5279187817	0.5906842539	0.9055258467	0.9315789474	0.9949622166	0.8292237443	0.3757961783	0.9326923077	1	1
0.5388617712	0.8249237206	1	0.3250728863	0.5951417004	9.267840593138639E-4	0.6	1	1	0.4671378741	0.9216370558	0	0.7661971831	0.7580645161	0.0461538462	0.2996688742	0.4178334562	0.9965277778	0.6903553299	0.2751031637	0.1137254902	0.0367493844	0.335117895	0.0723404255	1	0.0396475771	0.0596964012	0.7931798597	0.2943327239	0.0272232305	0.0800561798	0.7893284269	1	0.9480238224	0.5431472081	0.5861500412	0.9055258467	0.9157894737	0.9848866499	0.8310502283	0.3630573248	0.9230769231	1	1
