Var 1	Var 2	Var 3	Var 4	Var 5	Var 6	Var 7	Var 8	Var 9	Var 10	Var 11	Var 12	Var 13	Var 14	Var 15	Var 16	Var 17	Var 18	Var 19	Var 20	Var 21	Var 22	Var 23	Var 24	Var 25	Var 26	Var 27	Var 28	Var 29	Var 30	Var 31	Var 32	Var 33	Var 34	Var 35	Var 36	Var 37	Var 38	Var 39	Var 40	Var 41	Var 42	Var 43	Var 44	Var 45	Var 46	Var 47	Var 48	Var 49	Var 50	Var 51	Var 52	Var 53	Var 54	Var 55	Var 56	Var 57	Var 58	Var 59	Var 60	Var 61	Var 62	Var 63	Var 64	Var 65	Var 66	Var 67	Var 68	Var 69	Var 70	Var 71	Var 72	Var 73	Var 74	Var 75	Var 76	Var 77	Var 78	Var 79
0	0.9924242424	0.9881974249	0.9935483871	0.9932546374	0.9947275923	0.9955022489	0.9919246299	0.9976303318	0.9957081545	0.9954285714	0.9967880086	0.9970760234	0.996099844	0.9920828258	0.9896296296	0.9986382206	0.9986571173	0.9973392461	0.9955770004	0.9930883958	0.9952205882	0.995308311	0.9944895592	0.9944964227	0.9950417537	0.9945255474	0.9942473634	0.9900811542	0.9935372684	0.9944704381	0.9946986059	0.9924712968	0.9925373134	0.9930473122	0.9915036871	0.9926701571	0.9926836002	0.9935679152	0.9935560859	0.9933413383	0.9938427375	0.993875012	0.9933033747	0.9931825473	0.990972272	0.9897784226	0.9921554429	0.990920882	0.990147066	0.9907296137	0.9877497894	0.987972569	0.9895777406	0.9889242907	0.9896278901	0.9908596465	0.9937603014	0.9960273178	0.9962374406	0.9916384399	0.9952455268	0.9940388503	0.994955529	0.9953471613	0.9952266232	0.9963045502	0.9951899757	0.9955404355	0.9960432604	0.9959079749	0.9925855594	0.9835712096	0.9871218928	0.995105386	0.9948438167	0.9960759999	0.9974670076	0.9975754855
0.0158730159	0.021780303	0.0203862661	0.0167741935	0.0118043845	0.0105448155	0.011994003	0.0121130552	0.0118483412	0.017167382	0.0182857143	0.017130621	0.014619883	0.0132605304	0.0103532278	0.012345679	0.0045392646	0.0035810206	0.0164079823	0.0201045436	0.0210985813	0.0194852941	0.0180965147	0.0185614849	0.016510732	0.0122651357	0.0106882169	0.0083892617	0.0126239856	0.009478673	0.0091450447	0.0084429609	0.0109166196	0.010738988	0.0100050873	0.0117024687	0.0107703815	0.010905577	0.010215664	0.0103818616	0.0110249973	0.0119107702	0.0122499761	0.0125121156	0.0130734681	0.0171240238	0.0202453179	0.0204561912	0.0219952443	0.0224724555	0.025751073	0.0326161856	0.0347810797	0.0306035436	0.0318616295	0.0293550281	0.0311728861	0.0265128326	0.0248627416	0.0258964981	0.0332139746	0.0322469423	0.0323752098	0.0280432763	0.0263974182	0.0224154185	0.0250782815	0.0299784425	0.0312296931	0.0347233879	0.0342934437	0.0380323462	0.0504337161	0.0398033021	0.0309897365	0.0304196661	0.0361143905	0.0491829313	0.0561305047
0.0317460317	0.0151515152	0.0128755365	0.0103225806	0.0067453626	0.0052724077	0.0089955022	0.0080753701	0.0082938389	0.0139484979	0.0148571429	0.0128479657	0.0116959064	0.0101404056	0.0079171742	0.0108641975	0.0027235588	0.0022381379	0.0133037694	0.015681544	0.0160058203	0.0150735294	0.0130697051	0.0130510441	0.0110071547	0.0073068894	0.0052137643	0.0026366251	0.0063119928	0.002800517	0.0034028073	0.0029452189	0.0050818746	0.0043684019	0.0030523995	0.0046489259	0.0034405385	0.0035891773	0.0037835793	0.0039379475	0.0043663356	0.0057535076	0.006124988	0.0058154904	0.0061758101	0.0080962958	0.0100237404	0.0126116341	0.0128620839	0.0126195214	0.0164806867	0.0204042569	0.0227536487	0.0202128668	0.0207859202	0.0189829182	0.0220325326	0.020273134	0.0208900594	0.0221339387	0.0286460854	0.0274924691	0.0264140601	0.0229988053	0.0217445795	0.0176420416	0.0213828317	0.0251549448	0.0267701286	0.0307666483	0.0318723288	0.0344264744	0.0465762638	0.035591108	0.0280776309	0.0252634828	0.0321818969	0.0466578793	0.0538930669
0.0476190476	1	0.9957081545	1	1	1	1	0.9959623149	1	0.9989270386	1	1	1	1	0.9945188794	0.9911111111	1	1	1	1	0.9981811568	1	1	1	1	1	1	1	0.996393147	1	1	1	0.9983060418	0.9989078995	1	0.9987175377	1	1	1	1	1	1	1	1	1	1	1	1	1	1	1	1	1	1	1	1	1	1	1	1	0.9962063292	1	1	1	1	1	1	1	1	1	0.9983290898	0.9961914313	0.987418771	0.9913340869	0.9980080059	1	1	1	0.9998129233
0.0634920635	0.1003787879	0.1083690987	0.1174193548	0.1298482293	0.1300527241	0.11994003	0.1076716016	0.0971563981	0.1030042918	0.1142857143	0.1059957173	0.1003898635	0.0920436817	0.0876979294	0.089382716	0.0889695869	0.0944494181	0.1148558758	0.11982308	0.1160421972	0.1180147059	0.1092493298	0.1067285383	0.1067694001	0.1036012526	0.1068821689	0.1009108341	0.1084310189	0.107712193	0.1114419396	0.1040644021	0.1063429324	0.1052056789	0.1005596066	0.1013145239	0.0972326103	0.0958034235	0.0953461975	0.0972553699	0.0964960157	0.0988190169	0.1021150349	0.1015067407	0.1014597369	0.1000931432	0.1077552097	0.1168235578	0.1153804583	0.1160510605	0.1184549356	0.1213536483	0.1275892386	0.1241196349	0.1307540586	0.124940591	0.1194792768	0.1193548387	0.118577869	0.1181107328	0.1194425627	0.1169201176	0.1168933502	0.1204699323	0.1202688307	0.1152194407	0.1163784592	0.1168148747	0.1165220494	0.1171794441	0.1187596617	0.1212981139	0.1300653789	0.1324619115	0.1245470585	0.1211703084	0.1232577694	0.1358525624	0.1243237176
0.0793650794	0.0909090909	0.0987124464	0.1058064516	0.1163575042	0.1142355009	0.1034482759	0.0928667564	0.0829383886	0.089055794	0.0982857143	0.091006424	0.0857699805	0.0764430577	0.0663824604	0.0582716049	0.0485701316	0.0487914056	0.066962306	0.0767993567	0.0807566388	0.0860294118	0.0827747989	0.0817865429	0.0803522289	0.0762004175	0.0776850886	0.0726270374	0.0795761948	0.0784144765	0.081880051	0.0757903004	0.0779220779	0.0768110666	0.0725792776	0.0732606605	0.0701570681	0.0697128658	0.0699962164	0.0714797136	0.0711712695	0.0737862118	0.0765623505	0.076570623	0.0778793712	0.0775954718	0.0840807175	0.0927468018	0.0923043666	0.0938698248	0.0972103004	0.1005282903	0.1058202919	0.1019486467	0.1073585192	0.1020995834	0.0975726444	0.0975276666	0.0963710217	0.0957035355	0.0973579793	0.0947446739	0.0944705197	0.0974047524	0.097615616	0.0925197145	0.0940082936	0.0945836702	0.0949504988	0.096304645	0.0984132036	0.101348468	0.1105802993	0.1125602605	0.104465861	0.1013625759	0.1036547559	0.1158268354	0.1044412018
0.0952380952	0.0804924242	0.0869098712	0.0929032258	0.1028667791	0.1001757469	0.0899550225	0.0807537012	0.0722748815	0.0772532189	0.0857142857	0.0781584582	0.0740740741	0.0663026521	0.0578562728	0.0508641975	0.0408533818	0.0411817368	0.0580931264	0.0667470848	0.0702073481	0.0746323529	0.0713806971	0.0704756381	0.0687947166	0.0647181628	0.0656934307	0.0606423778	0.0671776375	0.0657044377	0.0691195236	0.063224033	0.0654997177	0.0642519112	0.0603696795	0.0613978839	0.0583395662	0.0578409718	0.05839324	0.0596658711	0.0593821635	0.0617745029	0.0643123744	0.0640585074	0.0648861084	0.0646987175	0.0704299657	0.0786265991	0.0784695201	0.0797942047	0.082832618	0.08567491	0.0902409003	0.0864731706	0.0914277044	0.0868070117	0.0830689429	0.0831645868	0.0818863545	0.0810736957	0.0829188038	0.0799549958	0.0798759807	0.0825534316	0.0824508084	0.0775411872	0.0789020847	0.0793317165	0.0799026541	0.0813050047	0.0833068109	0.0859328326	0.0952790718	0.0959626699	0.0867560851	0.0830526784	0.0836185736	0.092521717	0.0849627717
0.1111111111	0.0700757576	0.0761802575	0.0864516129	0.0994940978	0.0966608084	0.083958021	0.0753701211	0.067535545	0.0675965665	0.0742857143	0.0695931478	0.0653021442	0.0577223089	0.0517661389	0.0483950617	0.0413073082	0.0416293644	0.0465631929	0.053478086	0.0567479083	0.0621323529	0.0606568365	0.0600348028	0.0602641717	0.0597599165	0.0628258603	0.0616011505	0.0667267809	0.0654890134	0.0680561463	0.0657765561	0.0681347638	0.0678922461	0.0695268781	0.0710163514	0.0691099476	0.068332413	0.0674738302	0.0690930788	0.0683331514	0.0695467851	0.0707244712	0.0702264517	0.0713025345	0.0697857706	0.0715510419	0.075066377	0.0739840035	0.0753773722	0.0769098712	0.0792052676	0.0833128187	0.086599501	0.0950993779	0.0981017082	0.0995366873	0.1049211208	0.1023077266	0.0998654727	0.1007451853	0.0949261423	0.0892459488	0.0879795566	0.0878399549	0.0842299002	0.0855454315	0.0862840205	0.0883121185	0.0910529724	0.0936846413	0.0980733123	0.1059414656	0.1080389145	0.10721671	0.1018436987	0.0994504701	0.084104877	0.078639578
0.126984127	0	0	0	0	0	0	0	0	0	0	0	0	0	0	0.0064197531	9.078529278256924E-4	4.476275738585497E-4	0	0	0	0	0	0	0	0	0	9.587727708533078E-4	0.0033814247	0	0	0.002748871	0.0043290043	0.0047324354	0.0091571986	0.0109009298	0.0107703815	0.0104914412	0.0090805902	0.0093078759	0.0089509879	0.0077722822	0.0064120969	0.0062560578	0.0064966314	0.0053736476	0.0017145872	0	0	0	0	0	0	0.001673878	0.0048854499	0.0121613688	0.0169461651	0.0218036261	0.0204213721	0.018791777	0.0216006968	0.0149711465	0.0093528384	0.0054427187	0.007864394	0.0057310449	0.0054303365	0.0054163298	0.007963508	0.0100956812	0.0120487406	0.0159383801	0.0232436228	0.0207228357	0.022452619	0.0186366979	0.0171059225	0	0
0.1428571429	0.021780303	0.0214592275	0.0193548387	0.0168634064	0.0175746924	0.0194902549	0.0174966353	0.0154028436	0.0203862661	0.024	0.0214132762	0.0204678363	0.0179407176	0.0146163216	0.0162962963	0.0081706764	0.0076096688	0.0199556541	0.0237233615	0.0243724991	0.0238970588	0.0217828418	0.0214617169	0.0200880572	0.016440501	0.0151199166	0.0119846596	0.0162308386	0.0127100388	0.0138239047	0.0125662674	0.014304536	0.0136512559	0.0122095981	0.0133055466	0.0118175019	0.0117338487	0.0116029764	0.0118138425	0.011789106	0.0121126476	0.012345679	0.0126883426	0.0129932628	0.0131833489	0.0142442627	0.0176804248	0.0183203632	0.0184924526	0.0203004292	0.0213230227	0.0225426411	0.0170230237	0.0171445911	0.016159244	0.0149821222	0.0144101719	0.0144846672	0.0146088199	0.0182134908	0.0147896781	0.0145602796	0.0148679145	0.0176400551	0.0140208592	0.0138931987	0.0137159795	0.0146018883	0.0153473538	0.0167659362	0.0192242041	0.0278923474	0.0252441817	0.0197112557	0.0181555751	0.0213102083	0.0317298988	0.0258016238
0.1587301587	0.0208333333	0.0193133047	0.0180645161	0.0168634064	0.0193321617	0.0224887556	0.0201884253	0.018957346	0.0236051502	0.0274285714	0.0246252677	0.0233918129	0.023400936	0.0274056029	0.0395061728	0.0413073082	0.045210385	0.0594235033	0.056694813	0.0491087668	0.0444852941	0.0375335121	0.0356728538	0.034947716	0.0323590814	0.0320646507	0.0282837967	0.0326871055	0.0295131409	0.0304125904	0.0284704496	0.0299265951	0.0294867128	0.027980329	0.0293363257	0.0270755423	0.0260905577	0.0253499811	0.0257756563	0.0252155878	0.0250328051	0.0255526845	0.0251123447	0.0236605711	0.022784266	0.0242680032	0.0276973208	0.0275075659	0.0265980682	0.0271244635	0.0273332823	0.0286970283	0.0236869532	0.0246093157	0.0237076798	0.0223850531	0.0218742642	0.0222068473	0.0224282171	0.0258588987	0.0221754437	0.0224057008	0.0230983672	0.0251284622	0.0217570217	0.0211571553	0.0206952304	0.0211128525	0.0212225126	0.0220060016	0.0237582146	0.0320663086	0.0285579032	0.0220637059	0.0196534101	0.0208770395	0.0284505074	0.0262057096
0.1746031746	0.0189393939	0.0182403433	0.0167741935	0.0151770658	0.0175746924	0.0194902549	0.0174966353	0.0165876777	0.0214592275	0.0251428571	0.02248394	0.0214424951	0.0218408736	0.0255785627	0.0380246914	0.0399455288	0.0438675022	0.0580931264	0.0550864495	0.0472899236	0.0426470588	0.0358579088	0.0339327146	0.033021464	0.0305323591	0.0299791449	0.0263662512	0.0306582507	0.0275743214	0.0282858358	0.0265069704	0.0278562018	0.0273025118	0.025945396	0.0272523245	0.0249813014	0.0240198785	0.0233320721	0.023627685	0.02303242	0.022812153	0.023160111	0.022645167	0.021174206	0.0202049151	0.0214323398	0.0246198407	0.0245352356	0.023685871	0.024248927	0.0244238573	0.0256374187	0.0205602754	0.0213321196	0.0204926053	0.0193130886	0.018836826	0.0191269026	0.0193593139	0.022820091	0.019108627	0.0193566069	0.0199621665	0.0220265697	0.0185847461	0.0179553725	0.0175154945	0.0179656741	0.0181170715	0.0189256161	0.0207070923	0.0290396922	0.0253407916	0.0189049724	0.0164761844	0.0176410134	0.0248773206	0.0228981928
0.1904761905	0.0123106061	0.0107296137	0.0077419355	0.0050590219	0.0052724077	0.0089955022	0.0080753701	0.0071090047	0.0118025751	0.0137142857	0.0117773019	0.0107212476	0.0101404056	0.0079171742	0.0103703704	0.0022696323	0.0013428827	0.0128603104	0.0152794532	0.0156420517	0.0143382353	0.0123994638	0.0121809745	0.0101816181	0.0067849687	0.0046923879	0.0019175455	0.0058611362	0.0021542439	0.0029774564	0.0019634793	0.0037643516	0.0032763014	0.002034933	0.0033664636	0.0020942408	0.0020706792	0.0020179089	0.0021479714	0.0021831678	0.0022206521	0.0023925735	0.0026434047	0.0024863651	0.0027942968	0.0034291744	0.0066377021	0.007457847	0.0073290298	0.0087553648	0.0093790675	0.0100580271	0.004705808	0.0045213169	0.0040817468	0.0035503853	0.0030845303	0.0030799447	0.0030689032	0.0067937675	0.0030668167	0.0030490938	0.0031362007	0.00557714	0.0021996439	0.0019887726	0.0016437618	0.0026757387	0.0034531546	0.0047399291	0.006859691	0.0156078455	0.0118733637	0.0051602132	0.0030229033	0.0045015586	0.0120059077	0.0096307105
0.2063492063	0.9109848485	0.8969957082	0.8890322581	0.8735244519	0.8734622144	0.8860569715	0.8950201884	0.9075829384	0.9066523605	0.8971428571	0.9047109208	0.9083820663	0.9157566303	0.912911084	0.9111111111	0.911938266	0.9055505819	0.8966740576	0.8938480097	0.8959621681	0.8944852941	0.9014745308	0.903712297	0.9017611447	0.9013569937	0.8959854015	0.8990891659	0.8917944094	0.8927186558	0.8894087622	0.8959355979	0.8936570676	0.8947943211	0.8996099712	0.8986854761	0.9027673897	0.9041965765	0.9046538025	0.9027446301	0.9035039843	0.9011809831	0.8978849651	0.8986694863	0.8985402631	0.9001934513	0.8928383012	0.8867366643	0.8891591007	0.888365772	0.8874248927	0.8850777123	0.8793740109	0.8774279127	0.8704597178	0.8759260812	0.8809991439	0.8806922534	0.881422131	0.8818682474	0.8805380819	0.8830798824	0.88308952	0.8795466614	0.8822064168	0.8838228913	0.8824085306	0.8816626246	0.8830192526	0.8831562792	0.8812403383	0.8787018861	0.8699346211	0.8675380885	0.8754624272	0.8786753692	0.8780247501	0.8725722181	0.8818123994
0.2222222222	0.0189393939	0.0053648069	0.0167741935	0.0084317032	0.014059754	0.011994003	0.00269179	0.018957346	0.0096566524	0.0194285714	0.0235546039	0.0194931774	0.0101404056	6.090133982947623E-4	0	0.012709941	0.0174574754	0.0168514412	0.0229191797	0.0120043652	0.0191176471	0.0154155496	0.0208816705	0.0162355531	0.0153966597	0.0112095933	0.0059923298	0	2.1542438604049978E-4	0.0029774564	9.817396426467701E-4	0	0	6.783110055960657E-4	0	0.0011967091	0.0022087245	0.0079455165	0.0054892601	0.0050212859	0.0032300394	0.0069863145	0.0103973918	0.0072986846	0.0064483772	0.007781588	0.0142408882	0.0180501513	0.015240499	0.0172961373	0.0240793201	0.0215227712	0.0113065723	0.0013048096	0.0136430988	0.0041547061	0.0039792795	0.0104896666	0.004561315	0	0.0072042972	0.0113227586	0.0120469932	0.0185643564	0.0199165033	0.0188862873	0.0120991646	0.0114801932	0.0088247284	0	0	0	0	0	0.0042756379	0.006939195	0.0140624752	0.006136117
0.2380952381	0.9034090909	0.9012875536	0.8787096774	0.86846543	0.8629173989	0.88005997	0.8977119785	0.8933649289	0.9066523605	0.8891428571	0.8897216274	0.8976608187	0.9126365055	0.9183922046	0.92	0.9005901044	0.8880931065	0.8917960089	0.8845999196	0.8977810113	0.8875	0.8967828418	0.8929814385	0.8940561365	0.8909185804	0.8876433785	0.8933365292	0.8956266907	0.8927186558	0.8872820077	0.8949538582	0.8955392434	0.8958864216	0.8989316602	0.8999679384	0.9015706806	0.901987852	0.896708286	0.8972553699	0.8985918568	0.8980518825	0.8908986506	0.8884483214	0.8912415784	0.8940316687	0.8856502242	0.8760559981	0.8755404237	0.8775421055	0.8760085837	0.8674680346	0.8648144892	0.867668888	0.8703686846	0.8631216976	0.8773228584	0.8767600659	0.8709324644	0.8773069324	0.8843317526	0.8758755852	0.871732502	0.8675162618	0.8661173079	0.8629487199	0.8623233378	0.8680274859	0.8710803614	0.8746912544	0.8828998818	0.8825211232	0.8825059593	0.8761943406	0.8774544213	0.8742454089	0.8723595811	0.8669265829	0.8819994762
0.253968254	0.1136363636	0.0901287554	0.0438709677	0	0.0017574692	0.0434782609	0.0592193809	0.0781990521	0.0858369099	0.0685714286	0.0802997859	0.104288499	0.1287051482	0.131546894	0.1318518519	0.1139355424	0.0908683975	0.0904656319	0.1089666265	0.1273190251	0.1194852941	0.1313672922	0.1299303944	0.1166758393	0.108559499	0.1040145985	0.1186481304	0.1131650135	0.1044808272	0.0933645257	0.1093657962	0.102955016	0.1010192938	0.1073427166	0.1118948381	0.1144353029	0.120789619	0.1175431959	0.1089498807	0.1078484882	0.0962955486	0.0800076562	0.0865274474	0.08991017	0.0902056316	0.0769585861	0.0849022448	0.0927367056	0.0978012911	0.0988412017	0.091914861	0.0776859504	0.0729558159	0.0648460021	0.0747295144	0.0807020194	0.0778196374	0.0713074142	0.0775213352	0.0875060486	0.0774144376	0.0749768749	0.0748871631	0.0775629778	0.0801298837	0.0834579255	0.0923336028	0.099715862	0.1044819069	0.0927753024	0.0946274644	0.0934789274	0.0827850718	0.08606363	0.0899971859	0.1017182364	0.1140878845	0.1272271486
0.2698412698	0.0757575758	0.0847639485	0.0916129032	0.1129848229	0.1230228471	0.1139430285	0.1063257066	0.1030805687	0.1030042918	0.1097142857	0.1006423983	0.0984405458	0.0912636505	0.0742996346	0.0681481481	0.0590104403	0.0631154879	0.0811529933	0.0856453559	0.0843943252	0.0882352941	0.0857908847	0.0800464037	0.0820033021	0.0806367432	0.0784671533	0.0759827421	0.0802524797	0.0777682034	0.0791152701	0.0785391714	0.0833803877	0.082999636	0.0817364762	0.0833600513	0.0816753927	0.0797901712	0.0747887502	0.0766109785	0.0789215151	0.0801453518	0.0829744473	0.0846770641	0.0813282002	0.0806047145	0.0808493801	0.0826092204	0.0809554691	0.0785807892	0.0754935622	0.0722762422	0.0740988219	0.0724504943	0.0699135184	0.0686628086	0.0682882611	0.0676948434	0.0667098156	0.066780174	0.0706474402	0.0675244075	0.0682791463	0.0714024957	0.0735837824	0.0689221745	0.0712149849	0.069091889	0.0692124409	0.0697824992	0.0703600982	0.0709972689	0.0783161726	0.0737037359	0.0707063042	0.0687733186	0.07086982	0.0771173117	0.0746062035
0.2857142857	0.0123106061	0.0107296137	0.0077419355	0.0050590219	0.0052724077	0.0074962519	0.0067294751	0.0082938389	0.025751073	0.0297142857	0.0289079229	0.0272904483	0.0257410296	0.0237515225	0.027654321	0.0204266909	0.0237242614	0.0407982262	0.0361881785	0.030556566	0.0305147059	0.029155496	0.0295823666	0.0275178866	0.0234864301	0.023983316	0.0218120805	0.0263751127	0.0247738044	0.025095704	0.0270960141	0.0325616413	0.0320349472	0.0323893505	0.036069253	0.0335078534	0.0323025953	0.0394753437	0.041646778	0.0422442965	0.04451398	0.0444061633	0.045290334	0.0474815528	0.054381314	0.0567792139	0.057446295	0.0592304367	0.0593117507	0.0622317597	0.0649261159	0.0654123439	0.0633547042	0.0646032469	0.0640498756	0.0653170167	0.0663056275	0.0677141454	0.0679152478	0.0737443143	0.0699016441	0.0702319367	0.0714024957	0.0737561098	0.0705232758	0.0704674321	0.0702506063	0.0702827364	0.070753699	0.072610712	0.074368439	0.0820846068	0.0792877914	0.0731346398	0.0705253316	0.0714643655	0.078348076	0.0770007857
0.3015873016	0.0549242424	0.0611587983	0.0683870968	0.0792580101	0.0738137083	0.0659670165	0.0605652759	0.0497630332	0.0493562232	0.0525714286	0.0481798715	0.0409356725	0.0335413417	0.0255785627	0.0232098765	0.0118020881	0.0102954342	0.0199556541	0.0237233615	0.0232811932	0.0231617647	0.0214477212	0.0211716937	0.0198128784	0.017223382	0.0174661105	0.0148609779	0.019386835	0.0174493753	0.0210548703	0.0188494011	0.0216450216	0.0238441937	0.0240800407	0.0256492466	0.0260284218	0.0270568747	0.0282507252	0.0304295943	0.0295819234	0.0330069648	0.0374198488	0.0388580492	0.038418351	0.0398366411	0.0472830388	0.0527999035	0.0506917423	0.0534873562	0.0552360515	0.0596432126	0.0708985405	0.0749139374	0.0834774693	0.0806284772	0.0828423226	0.080409701	0.0818640361	0.0770168579	0.0783509145	0.0784125141	0.0757305834	0.0694112571	0.0633381376	0.0537640845	0.0504668679	0.0479250876	0.0474752494	0.0501786528	0.0570269164	0.0566591278	0.0678713787	0.0633664705	0.051402933	0.0474768289	0.0424760271	0.0468087472	0.044434467
0.3174603175	0.0160984848	0.0150214592	0.0129032258	0.0134907251	0.0123022847	0.0134932534	0.0121130552	0.0106635071	0.0150214592	0.016	0.0139186296	0.0136452242	0.011700468	0.009135201	0.0118518519	0.0045392646	0.0040286482	0.0146341463	0.0164857258	0.0163695889	0.0150735294	0.0137399464	0.0139211137	0.0121078701	0.0080897704	0.0054744526	0.0033557047	0.0076645627	0.0043084877	0.0046788601	0.0035342627	0.0052700922	0.0047324354	0.0037307105	0.0056107727	0.0046372476	0.00496963	0.0044141758	0.0045346062	0.0046938107	0.0049459978	0.0043066322	0.0039651071	0.003930061	0.0045855126	0.0052756529	0.0092324403	0.0096195417	0.0084939087	0.0104291845	0.0114462905	0.012027431	0.007106086	0.0073130026	0.0071570354	0.0080576119	0.0082411114	0.0081685489	0.0071047211	0.0103551727	0.007113563	0.0067319881	0.0066374618	0.0091176839	0.0051325024	0.0048943553	0.0047830773	0.0063070984	0.0063307834	0.009013822	0.0109989758	0.0211962058	0.0176216561	0.0099884275	0.0074528636	0.0085359742	0.0143165685	0.0132525162
0.3333333333	0.0113636364	0.0096566524	0.0064516129	0.0033726813	0.0035149385	0.0059970015	0.0053835801	0.0047393365	0.0096566524	0.0114285714	0.0096359743	0.0087719298	0.007800312	0.006090134	0.0088888889	9.078529278256924E-4	0	0.0115299335	0.0136710897	0.0138232084	0.0125	0.0107238606	0.0104408353	0.0085305449	0.0049582463	0.0028675704	0	0.0038322813	2.1542438604049978E-4	8.507018290089324E-4	0.0019634793	0.0033879164	0.0025482344	0.0015261998	0.0035267714	0.0019446522	0.0017945886	0.0012611931	0.0010739857	0.0013099007	0.0010093873	0	0	4.010266281681104E-4	0	0	0.0016292542	0.003512754	0.0031548804	0.0050643777	0.0054743128	0.005275189	0	0	0	0	2.354603249352484E-4	2.9013971343123685E-4	2.5223861773237486E-4	0.0042582019	8.891953689253439E-4	2.5694610983589713E-4	9.624319660161953E-4	0.0036658729	1.1970850977868885E-4	0	0	0.0011594868	0.0018584686	0.0028303174	0.004886063	0.0131054469	0.0085209982	0.0020773653	0	8.493506714117057E-4	0.0072019565	0.0055823699
0.3492063492	0.0113636364	0.0096566524	0.0064516129	0.0033726813	0.0035149385	0.0059970015	0.0053835801	0.0047393365	0.0096566524	0.0114285714	0.0096359743	0.0087719298	0.007800312	0.006090134	0.0098765432	0	0	0.0115299335	0.0136710897	0.0138232084	0.0125	0.0107238606	0.0107308585	0.0085305449	0.004697286	0.0028675704	0	0.0038322813	2.1542438604049978E-4	8.507018290089324E-4	0	0.0016939582	0.0010921005	0	0.0012824623	0	0	0	0	0	0	0	7.049079214027668E-4	0	2.1494590528050442E-4	2.637826431020839E-4	0.0036205648	0.004539559	0.0044653691	0.0060085837	0.0063930786	0.0069632495	0.0015791302	0.0012137764	7.548435796359977E-4	5.287807825955582E-4	0	0	0	0.0037743153	0	0	0	0	0	0.0012694293	6.736728644570195E-4	0	0	0.0015799764	0.0043633183	0.012581229	0.0086562521	0.0019919941	0.0012073457	0	0.0084247804	0.0072585775
0.3650793651	0.1297348485	0.135193133	0.1393548387	0.1450252951	0.1335676626	0.1259370315	0.1170928668	0.1208530806	0.1169527897	0.1074285714	0.1070663812	0.0994152047	0.0842433697	0.0639464068	0.0567901235	0.0458465729	0.0474485228	0.066075388	0.0695617209	0.0687522736	0.0713235294	0.0730563003	0.0658352668	0.0632911392	0.0613256785	0.0633472367	0.0616011505	0.0674030658	0.0661352865	0.0686941727	0.0679363833	0.0730284209	0.0740808154	0.0747837884	0.0780698942	0.0804786836	0.0819988956	0.080842477	0.0823389021	0.0820871084	0.0848894721	0.0894822471	0.0891708521	0.0879050369	0.0896324425	0.0971379583	0.1014361574	0.1008971033	0.1040625152	0.1066523605	0.1116300436	0.1260770178	0.1347945552	0.1494158701	0.1489278425	0.1535478673	0.1540381446	0.1552247467	0.1507125741	0.1526758928	0.1593292926	0.1582616739	0.1546694544	0.1451779672	0.1339837496	0.1328951451	0.1354082458	0.1383229489	0.1420349632	0.1475175048	0.1386767091	0.1497680583	0.1419779923	0.1284551612	0.1211793862	0.1225528084	0.1290714479	0.1302652748
0.380952381	0.0227272727	0.0225321888	0.0361290323	0.0320404722	0.0333919156	0.0329835082	0.0323014805	0.0414691943	0.0311158798	0.0388571429	0.0364025696	0.0350877193	0.0288611544	0.0225334957	0.0212345679	0.0149795733	0.0250671441	0.0585365854	0.0570969039	0.0512913787	0.0536764706	0.0576407507	0.0435034803	0.0412768299	0.0375782881	0.0401459854	0.0376318313	0.0417042381	0.0422231797	0.0508294343	0.0475161987	0.0500658762	0.0547870404	0.0515516364	0.052901571	0.0501121915	0.0499723909	0.0499432463	0.0572792363	0.0612378561	0.0628848289	0.0714900947	0.0778042118	0.0785210138	0.0809629577	0.0884990768	0.1061428916	0.103923476	0.0986749502	0.0958369099	0.0965469719	0.1052576051	0.1021065597	0.1088757396	0.1081383321	0.1012237498	0.1000941841	0.1006561621	0.0982889814	0.099893545	0.0986099517	0.1019390866	0.1105967078	0.1198771776	0.1172694489	0.1154757539	0.1166801401	0.1174012206	0.1143977363	0.1128944258	0.1128488521	0.1197986212	0.1239988793	0.1239968887	0.1224865876	0.1224338993	0.1296431577	0.1262169342
0.3968253968	0.8172348485	0.8283261803	0.8490322581	0.844856661	0.8277680141	0.8110944528	0.8183041723	0.8187203791	0.80472103	0.7931428571	0.7901498929	0.7738791423	0.7574102964	0.7582216809	0.7604938272	0.754425783	0.7685765443	0.8035476718	0.7816646562	0.7770098218	0.7738970588	0.778150134	0.7587006961	0.7663731425	0.7667014614	0.7705943691	0.7576701822	0.769386835	0.7729426971	0.7856231391	0.7712546633	0.7762092979	0.7819439388	0.7744615906	0.7701186278	0.7697830965	0.7671176146	0.7616345062	0.773627685	0.7772077284	0.7858080145	0.8027562446	0.7962816107	0.7961982676	0.7960879845	0.8068451596	0.8091358919	0.8015023779	0.7971169247	0.7945922747	0.7959191486	0.8186038333	0.8199475729	0.8433621605	0.8285945931	0.8287757466	0.83044502	0.8307815918	0.829738933	0.8270976483	0.8325409211	0.8356743979	0.8381620868	0.8424927936	0.8307920214	0.8228581906	0.8273915387	0.8303709083	0.8294765114	0.8454123852	0.8361888709	0.8463547076	0.8514911747	0.8445011478	0.8316978186	0.8278111384	0.8214597659	0.8207355857
0.4126984127	0.9848484848	0.9924892704	0.9832258065	0.9881956155	0.985940246	0.9895052474	0.9946164199	0.9834123223	0.9957081545	0.9874285714	0.982869379	0.9863547758	0.9937597504	0.9975639464	0.9985185185	0.9868361325	0.9811996419	0.9920177384	0.9863289103	0.994907239	0.9882352941	0.990616622	0.9840487239	0.9870665933	0.98434238	0.9861835245	0.9882550336	0.9939134355	0.9935372684	0.9923436835	0.9937168663	0.994165255	0.9936294139	0.9925385789	0.9927861494	0.991473448	0.9904748758	0.9856223988	0.9880668258	0.9883200524	0.9906126981	0.9868886975	0.9830822099	0.9858838627	0.9848104894	0.9825903456	0.9814747767	0.9773022049	0.9793719361	0.9793133047	0.9701401118	0.9734130473	0.9798187159	0.9888332575	0.9768235064	0.987183361	0.989828114	0.9855376512	0.9916761256	0.9954127553	0.9880412296	0.9826818322	0.9829251294	0.9792580524	0.9743524518	0.9762052526	0.981554837	0.9836015443	0.9875782355	0.9975675184	0.9963941282	0.9961425477	0.9957781449	0.9970973801	0.9904138563	0.9904108309	0.9918293128	0.9977625622
0.4285714286	0.9924242424	1	0.9896774194	0.9949409781	0.9912126538	0.9940029985	1	0.9857819905	1	0.992	0.9860813704	0.9892787524	0.9968798752	1	1	0.9881979119	0.9825425246	0.9951219512	0.9907519099	1	0.9930147059	0.995308311	0.9895591647	0.9922949917	0.9893006263	0.9916579771	0.9942473634	1	1	0.9978732454	0.9992146083	1	1	0.9994912667	1	0.9988032909	0.9977912755	0.9920544835	0.9945107399	0.9949787141	0.9968708994	0.9930136855	0.9897788351	0.9927013154	0.9938382174	0.992811923	0.9893193338	0.9864353653	0.9891763335	0.988583691	0.9823520404	0.9854404783	0.9902093927	0.9999089668	0.9871956163	0.9963237146	0.9960678126	0.9895103334	0.995438685	1	0.9927957028	0.9886429819	0.9879696004	0.9839108911	0.9791258286	0.9799007024	0.9863783347	0.9880611088	0.9915229851	1	1	1	1	1	0.9955700397	0.994334831	0.9943543648	1
0.4444444444	0.9223484848	0.9206008584	0.8980645161	0.8752107926	0.8629173989	0.8770614693	0.8923283984	0.8815165877	0.9002145923	0.8891428571	0.8907922912	0.895711501	0.9087363495	0.9287454324	0.9377777778	0.9264639128	0.9153983885	0.9223946785	0.9159630076	0.9268825027	0.9143382353	0.9175603217	0.9164733179	0.9155200881	0.9104906054	0.913451512	0.9149089166	0.9197475203	0.9185695821	0.9157805189	0.9151776949	0.9130434783	0.9128139789	0.9124978803	0.9115100994	0.9103964099	0.9112368857	0.9114642452	0.9122911695	0.9100534876	0.9106692238	0.905732606	0.901665345	0.9070420276	0.9095077739	0.9084674228	0.906589428	0.9058041505	0.9122457894	0.9152360515	0.9125641222	0.9149287849	0.9153270379	0.9263237748	0.9140037463	0.9214131037	0.9200376737	0.9143641477	0.9213015513	0.9260427756	0.9172503902	0.9133235123	0.9090169919	0.9049536283	0.902078439	0.9001664363	0.9078819725	0.9100059886	0.9145943742	0.9227630263	0.9245433985	0.9251258617	0.9261127052	0.923213371	0.9188808903	0.9179102576	0.9209928695	0.9255210087
0.4603174603	0.9034090909	0.8894849785	0.8825806452	0.8667790894	0.8681898067	0.8815592204	0.8896366083	0.904028436	0.902360515	0.8937142857	0.9004282655	0.9054580897	0.9118564743	0.9104750305	0.9096296296	0.9105764866	0.9042076992	0.8940133038	0.8894250101	0.8908694071	0.8897058824	0.8967828418	0.8982018561	0.8962575674	0.8963987474	0.8905109489	0.8933365292	0.8854824166	0.8860404998	0.8838792003	0.8904378559	0.8878223226	0.888423735	0.8926572834	0.8914716255	0.8954375467	0.8968801767	0.8982217177	0.896300716	0.8968453226	0.8950237206	0.891759977	0.891972861	0.8917228104	0.8911657233	0.8826167238	0.8788921072	0.8800259403	0.8785128379	0.8781545064	0.8728657836	0.8673817478	0.8670372359	0.8593840085	0.8655539713	0.8718587904	0.8744290087	0.8774494487	0.878105688	0.8759701926	0.8783254092	0.8771283703	0.8745021904	0.8775535781	0.8790495144	0.8787130808	0.8768391269	0.8785596881	0.8792115297	0.8788078567	0.8750960143	0.8660771688	0.8633162334	0.8725503216	0.8735191859	0.8740922565	0.8700392257	0.8795824447
0.4761904762	0.896780303	0.893776824	0.8722580645	0.8617200675	0.8576449912	0.8755622189	0.8923283984	0.8898104265	0.902360515	0.8857142857	0.886509636	0.8947368421	0.9095163807	0.915956151	0.9180246914	0.8987743985	0.8871978514	0.888691796	0.88017692	0.8926882503	0.8827205882	0.8920911528	0.8874709977	0.888827738	0.885960334	0.882168926	0.8873441994	0.8893146979	0.8860404998	0.8815397703	0.8896524642	0.8897044984	0.8895158355	0.8919789724	0.8927540878	0.8940912491	0.8948094975	0.8902762013	0.8908114558	0.8919331951	0.8917936812	0.8847736626	0.8817516962	0.8843439204	0.8850039407	0.8754286468	0.868211441	0.8664613057	0.8677377081	0.8667381974	0.8552178241	0.8527870582	0.8572466286	0.8592929753	0.8527495876	0.8681825049	0.8705203673	0.8669597822	0.8735653929	0.8797445079	0.871121112	0.865788482	0.8624717908	0.8614644692	0.8581603795	0.858627888	0.8632039881	0.8666207969	0.8707465049	0.8804787669	0.8789152513	0.8786583979	0.8719821465	0.8745423156	0.8690892256	0.8684270875	0.8644015309	0.8797620384
0.4920634921	0.834280303	0.821888412	0.7870967742	0.7487352445	0.7363796134	0.7631184408	0.7900403769	0.7890995261	0.8079399142	0.7874285714	0.795503212	0.8040935673	0.8244929797	0.847137637	0.8572839506	0.8384021788	0.8209489705	0.8190687361	0.8098110173	0.824663514	0.8088235294	0.8190348525	0.8198955916	0.8172812328	0.8121085595	0.8094369135	0.8139980825	0.8151487827	0.8110728134	0.8049766057	0.8111132928	0.8085827216	0.8087004004	0.8119382737	0.81131773	0.8131637996	0.8154334622	0.816244167	0.8150357995	0.8136666303	0.8118502069	0.8036175711	0.8003348313	0.8055822907	0.8097012252	0.8013057241	0.7933260922	0.7949632512	0.8006115614	0.8026609442	0.7976801164	0.7943379638	0.7927549506	0.7967834926	0.7899298275	0.8024122476	0.800729927	0.7957862786	0.8031908185	0.8103745282	0.8003302726	0.7964130323	0.7885636533	0.7871600451	0.7858863667	0.7825749669	0.7895445971	0.7930379827	0.7977626436	0.8056629081	0.8070645216	0.8076417119	0.8023070458	0.8006677923	0.7975471818	0.7959350077	0.7935650876	0.807527968
0.5079365079	0.8172348485	0.8283261803	0.8490322581	0.844856661	0.8277680141	0.8110944528	0.8183041723	0.8187203791	0.80472103	0.7931428571	0.7901498929	0.7738791423	0.7574102964	0.7582216809	0.7604938272	0.754425783	0.7685765443	0.8035476718	0.7816646562	0.7770098218	0.7738970588	0.778150134	0.7587006961	0.7663731425	0.7667014614	0.7705943691	0.7576701822	0.769386835	0.7729426971	0.7856231391	0.7712546633	0.7762092979	0.7819439388	0.7744615906	0.7701186278	0.7697830965	0.7671176146	0.7616345062	0.773627685	0.7772077284	0.7858080145	0.8027562446	0.7962816107	0.7961982676	0.7960879845	0.8068451596	0.8091358919	0.8015023779	0.7971169247	0.7945922747	0.7959191486	0.8186038333	0.8199475729	0.8433621605	0.8285945931	0.8287757466	0.83044502	0.8307815918	0.829738933	0.8270976483	0.8325409211	0.8356743979	0.8381620868	0.8424927936	0.8307920214	0.8228581906	0.8273915387	0.8303709083	0.8294765114	0.8454123852	0.8361888709	0.8463547076	0.8514911747	0.8445011478	0.8316978186	0.8278111384	0.8214597659	0.8207355857
0.5238095238	0.4952651515	0.5128755365	0.52	0.5278246206	0.5237258348	0.5202398801	0.5087483176	0.5130331754	0.5246781116	0.5257142857	0.5246252677	0.5175438596	0.5132605304	0.5255785627	0.5491358025	0.5519745801	0.551477171	0.5419068736	0.5367913148	0.5300109131	0.5341911765	0.5311662198	0.5365429234	0.5484314805	0.5537578288	0.5482273201	0.540987536	0.5550045086	0.5549332184	0.5527435134	0.5517376792	0.5595708639	0.5567892246	0.5546888248	0.5546649567	0.5545250561	0.551490889	0.5583301804	0.5669451074	0.5723174326	0.5830221056	0.5906785338	0.5802273328	0.5815688162	0.5815719711	0.5879715115	0.5762128892	0.5769022914	0.5773431054	0.5791845494	0.5810810811	0.5878670652	0.5781511543	0.5856167501	0.5720316475	0.5683889812	0.571014834	0.5736062135	0.5780888721	0.5780896158	0.5707545458	0.5718078728	0.5717177751	0.5744767515	0.5668946116	0.560100426	0.5612503368	0.5585031153	0.5596388576	0.5722810767	0.5747738329	0.5845424963	0.5827222754	0.5797841058	0.5726903839	0.567391729	0.566659785	0.5658323044
0.5396825397	0.4895833333	0.5053648069	0.5122580645	0.5177065767	0.5131810193	0.5112443778	0.4993270525	0.5023696682	0.5042918455	0.5028571429	0.5021413276	0.4951267057	0.492199688	0.506090134	0.5303703704	0.5315478892	0.5259623993	0.5082039911	0.5086449538	0.5067297199	0.5080882353	0.5040214477	0.5078306265	0.5195376995	0.5245302714	0.5172054223	0.5086289549	0.5200631199	0.5172339509	0.5140365802	0.5101119183	0.5153397327	0.5116490717	0.5077157877	0.5060916961	0.5053103964	0.5022087245	0.5048555934	0.5119331742	0.5152275952	0.5231654386	0.5278974065	0.5147590096	0.5123516201	0.5081321201	0.5102215774	0.4951725803	0.4906506701	0.4869193807	0.4869527897	0.4872904066	0.4914717777	0.4808135679	0.4848126233	0.4719449803	0.467542932	0.4699552625	0.4719903584	0.4772985244	0.4785444692	0.4711465176	0.4717359279	0.4684554626	0.4693727284	0.4603241108	0.4546672685	0.459161951	0.4607367201	0.4652766121	0.4771755933	0.4802850559	0.490232733	0.4861799457	0.474464533	0.4639657223	0.4592524015	0.4582334164	0.4570060239
0.5555555556	0.4422348485	0.4495708155	0.4438709677	0.4333895447	0.4235500879	0.4197901049	0.4118438762	0.4087677725	0.4238197425	0.4091428571	0.4132762313	0.4122807018	0.4126365055	0.4086479903	0.3990123457	0.3822060826	0.369740376	0.4164079823	0.4382790511	0.4376136777	0.4316176471	0.4282841823	0.4231438515	0.4276279582	0.4347599165	0.4262252346	0.4209012464	0.4325969342	0.4286945282	0.4202467035	0.4197918712	0.4227366836	0.4160902803	0.4120739359	0.4097467137	0.4082273747	0.4055770293	0.4059780552	0.4087112172	0.4096714332	0.4165741395	0.4156378601	0.403207331	0.4019890921	0.4015189511	0.4040490636	0.3889090031	0.388618677	0.3886327234	0.3926609442	0.3964474389	0.399507649	0.3905504848	0.3915035655	0.3810282647	0.3799415823	0.381869555	0.3834084721	0.3884684912	0.3911932643	0.3840235183	0.3830552605	0.3777213594	0.380201153	0.3725328824	0.3691641513	0.3748854756	0.378629767	0.3851706194	0.3979267073	0.402470769	0.4136079048	0.4073558821	0.3923279771	0.3818662116	0.3792605553	0.3805999778	0.3811351817
0.5714285714	0.0587121212	0.0654506438	0.0748387097	0.0876897133	0.0949033392	0.0974512744	0.0928667564	0.0983412322	0.0901287554	0.1062857143	0.0974304069	0.0916179337	0.0873634945	0.1035322777	0.1402469136	0.150703586	0.1562220233	0.1033259424	0.0840369924	0.0829392506	0.0889705882	0.086461126	0.0951276102	0.1001651073	0.0947286013	0.0938477581	0.0877277085	0.0912984671	0.0885394227	0.0946405785	0.0905163951	0.0942970073	0.0966508919	0.095472274	0.0974671369	0.0970830217	0.0964936499	0.0988775382	0.103221957	0.105556162	0.1065912991	0.1121638434	0.1117279055	0.1103625281	0.1068997636	0.1067660248	0.1098237992	0.1065175097	0.1027034898	0.1001716738	0.0973126101	0.0989273782	0.0918106307	0.0945228342	0.0917833878	0.0880797704	0.0881327996	0.0886042048	0.0888300332	0.0911255202	0.0871411462	0.0886635376	0.0907506969	0.0916468229	0.0868485238	0.0842901069	0.0827405012	0.081648255	0.0804537061	0.0809197963	0.0816121874	0.0892060572	0.0874803157	0.08412855	0.0819451883	0.0812658722	0.0860582191	0.082194036
0.5873015873	0.0179924242	0.017167382	0.0141935484	0.0134907251	0.0123022847	0.0149925037	0.0148048452	0.0165876777	0.0289699571	0.0342857143	0.0331905782	0.0311890838	0.0288611544	0.0255785627	0.027654321	0.0213345438	0.0259623993	0.045232816	0.0418174507	0.0371044016	0.0386029412	0.0375335121	0.038863109	0.0374243258	0.0341858038	0.0338894682	0.032358581	0.03877367	0.0381301163	0.039557635	0.0414294129	0.046113307	0.0462322534	0.0471426149	0.0500160308	0.0492146597	0.0492821645	0.0533484677	0.0550119332	0.0570898374	0.059856667	0.0628768303	0.0657326637	0.0692974013	0.0737264455	0.0784093907	0.084600531	0.0907371379	0.0948890938	0.098111588	0.100260317	0.1033937049	0.0989167167	0.1019875588	0.1009533395	0.10132447	0.1011066635	0.101615855	0.1007903477	0.1033001065	0.0996080282	0.1000548152	0.1032789061	0.1075792706	0.1056128328	0.1042201473	0.1005524117	0.0973076972	0.094709959	0.0967650268	0.0982973457	0.1068811015	0.1051985818	0.1073115668	0.1085703392	0.1094133535	0.116851149	0.1151494743
0.6031746032	0.0179924242	0.0160944206	0.0141935484	0.0134907251	0.0123022847	0.0149925037	0.0134589502	0.0142180095	0.0182403433	0.0205714286	0.0192719486	0.0175438596	0.015600624	0.0133982948	0.0162962963	0.0099863822	0.0102954342	0.022616408	0.0257338158	0.0261913423	0.0264705882	0.0264745308	0.0269721578	0.0261419923	0.0232254697	0.0218978102	0.0201342282	0.0259242561	0.0243429556	0.0261590812	0.0261142745	0.0286090721	0.0287586458	0.0281499067	0.0301378647	0.0303664921	0.0313362783	0.0321604238	0.0335322196	0.035367318	0.0368426365	0.0400038281	0.0423825888	0.0442733397	0.0452102887	0.0489316803	0.0564204683	0.0613380891	0.0652332185	0.0674248927	0.068639461	0.07209425	0.0661971386	0.0686997421	0.0674326931	0.0663242182	0.0663291735	0.0663973575	0.0658342792	0.0675699216	0.0644575908	0.0646990305	0.0675693615	0.0717978443	0.0697302069	0.0683658213	0.064969011	0.0622937451	0.0599985612	0.0618691461	0.0638068618	0.0729058485	0.0707474712	0.0726698412	0.073884113	0.0748362877	0.0825247344	0.0806076252
0.619047619	0.0113636364	0.0096566524	0.0064516129	0.0033726813	0.0035149385	0.0059970015	0.0053835801	0.0071090047	0.0203862661	0.0251428571	0.0235546039	0.022417154	0.0210608424	0.0182704019	0.0202469136	0.0122560145	0.0156669651	0.0341463415	0.0293526337	0.0247362677	0.0246323529	0.0221179625	0.0223317865	0.0198128784	0.0159185804	0.0148592284	0.012464046	0.0166816952	0.0140025851	0.0142492556	0.0155114864	0.0191981931	0.018565708	0.0189927082	0.0211606284	0.0188481675	0.0180839315	0.0211880439	0.0214797136	0.0218316778	0.0230140305	0.0227772993	0.0234381884	0.0250240616	0.0288027513	0.0300712213	0.0317402848	0.0338845655	0.0340727079	0.0365665236	0.0380904984	0.0382275365	0.0342671257	0.0345319375	0.0343873186	0.0354786725	0.0348245821	0.035240816	0.0349560684	0.0395045001	0.0351504373	0.0353557847	0.0357095447	0.0382566738	0.0349249577	0.0346272109	0.0340339531	0.0345679956	0.0350591113	0.0365554242	0.0382990527	0.046556482	0.0431073626	0.0366337197	0.0345319039	0.0358510918	0.042751195	0.0408575598
0.6349206349	0.1458333333	0.1287553648	0.1161290323	0.089376054	0.0984182777	0.1124437781	0.1426648721	0.1279620853	0.1448497854	0.1325714286	0.1295503212	0.1286549708	0.1380655226	0.1485992692	0.1486419753	0.1343622333	0.1378692927	0.1694013304	0.1523924407	0.1567842852	0.1400735294	0.1367292225	0.1342807425	0.1271326362	0.114822547	0.1131386861	0.1061840844	0.1070784491	0.1034037053	0.1074011059	0.0995483998	0.0973084886	0.0979250091	0.0939460743	0.0918563642	0.088855647	0.0882109332	0.0860133686	0.0832935561	0.0811046829	0.0781265772	0.0750311035	0.0748964666	0.0769169073	0.0816077954	0.0751780533	0.0756698045	0.0759295288	0.0751346891	0.0773819742	0.0754153587	0.0681906102	0.0593437135	0.0547109695	0.0546842238	0.0617414514	0.0618083353	0.0615319377	0.0635220919	0.0698925772	0.0659274852	0.0651786632	0.0625912651	0.0694635919	0.0669469841	0.0655448673	0.0647669092	0.0687537428	0.0694108055	0.0730199145	0.0761713749	0.0846265689	0.0832294776	0.0748800061	0.0734937681	0.0786583657	0.0855023901	0.0822838328
0.6507936508	0.0662878788	0.0525751073	0.0464516129	0.0337268128	0.0439367311	0.0464767616	0.0726783311	0.0521327014	0.0708154506	0.0582857143	0.0535331906	0.0487329435	0.0553822153	0.0651644336	0.0661728395	0.0531093963	0.0528200537	0.0745011086	0.0715721753	0.0745725718	0.0566176471	0.0539544236	0.0548143852	0.0478811227	0.0365344468	0.0333680918	0.0254074784	0.0275022543	0.0226195605	0.0270097831	0.0196347929	0.0214568041	0.0211139425	0.0186535527	0.0185957038	0.0143605086	0.0162893429	0.0161432715	0.0137231504	0.0125532147	0.01271828	0.0121542731	0.0118072077	0.0134744947	0.0209930501	0.0158929042	0.0166545981	0.0136727194	0.012037082	0.0142918455	0.0148150984	0.0109372253	0.0074534946	0.0051888939	0.0025441024	0.0056655084	0.0049446668	0.0050439673	0.0060327069	0.0089615794	0.0059884586	0.0054472575	0.0044470994	0.0078800602	0.0037109638	0.0035685069	0.0015225007	0.0042939235	0.0044483346	0.005001364	0.006859691	0.0148264641	0.0105594683	0.0029974768	0.0024963916	0.0043486754	0.0108227858	0.0080143675
0.6666666667	0.0909090909	0.0847639485	0.0748387097	0.0590219224	0.0579964851	0.071964018	0.0753701211	0.0805687204	0.0836909871	0.0868571429	0.0856531049	0.0886939571	0.0904836193	0.0895249695	0.0913580247	0.0826146164	0.085049239	0.1064301552	0.0948934459	0.0960349218	0.0959558824	0.0934986595	0.0899071926	0.0877820583	0.0832463466	0.0826381648	0.0807766059	0.0836339044	0.0807841448	0.0812420247	0.079717259	0.0775456428	0.0779031671	0.0752925216	0.0745431228	0.0744951384	0.0719215903	0.0698700971	0.0696897375	0.0685514682	0.0653073584	0.0628768303	0.0632654859	0.0634424126	0.0609013398	0.05987866	0.0625754284	0.066742326	0.0675144396	0.0690128755	0.0670699028	0.0642166344	0.0534377665	0.0507661963	0.0530067936	0.0565543637	0.0569107605	0.0564879704	0.057489385	0.0646859576	0.0599390266	0.0597142759	0.0581607593	0.0640431132	0.0622783522	0.0607633502	0.0617219078	0.0640011213	0.0653101844	0.069678094	0.0731202526	0.0823813339	0.0813262615	0.0738745233	0.0708430541	0.0755837162	0.0830964443	0.0805926591
0.6825396825	0.0700757576	0.0686695279	0.064516129	0.0640809444	0.0544815466	0.0449775112	0.0403768506	0.0379146919	0.0418454936	0.0525714286	0.0503211991	0.0467836257	0.0429017161	0.0395858709	0.0390123457	0.0304130731	0.0299910474	0.0430155211	0.0426216325	0.0425609312	0.0426470588	0.0415549598	0.0397331787	0.0393505779	0.0375782881	0.0380604797	0.0333173538	0.0358431019	0.0316673847	0.0336027222	0.0318083644	0.0338791643	0.0336730979	0.0318806173	0.0325424816	0.0293193717	0.0278851463	0.0262328162	0.0252983294	0.0228141033	0.0213990108	0.0204804287	0.0199136488	0.0187680462	0.0176972129	0.0166183065	0.0178614531	0.016536965	0.014463913	0.0153648069	0.0155807365	0.0175136276	0.0135489372	0.0129874071	0.0114344824	0.0106007957	0.0099128797	0.0074766772	0.0070416614	0.0116326333	0.0078212899	0.0086676488	0.0100225674	0.0146948239	0.0133474988	0.0156703997	0.0149151172	0.0162965228	0.0157909882	0.017288806	0.0195229154	0.0274472568	0.0248287589	0.0164956081	0.0119191351	0.0120607795	0.0142054027	0.0121150896
0.6984126984	0.1297348485	0.135193133	0.1393548387	0.1450252951	0.1335676626	0.1259370315	0.1170928668	0.1208530806	0.1169527897	0.1074285714	0.1070663812	0.0994152047	0.0842433697	0.0639464068	0.0567901235	0.0458465729	0.0474485228	0.066075388	0.0695617209	0.0687522736	0.0713235294	0.0730563003	0.0658352668	0.0632911392	0.0613256785	0.0633472367	0.0616011505	0.0674030658	0.0661352865	0.0686941727	0.0679363833	0.0730284209	0.0740808154	0.0747837884	0.0780698942	0.0804786836	0.0819988956	0.080842477	0.0823389021	0.0820871084	0.0848894721	0.0894822471	0.0891708521	0.0879050369	0.0896324425	0.0971379583	0.1014361574	0.1008971033	0.1040625152	0.1066523605	0.1116300436	0.1260770178	0.1347945552	0.1494158701	0.1489278425	0.1535478673	0.1540381446	0.1552247467	0.1507125741	0.1526758928	0.1593292926	0.1582616739	0.1546694544	0.1451779672	0.1339837496	0.1328951451	0.1354082458	0.1383229489	0.1420349632	0.1475175048	0.1386767091	0.1497680583	0.1419779923	0.1284551612	0.1211793862	0.1225528084	0.1290714479	0.1302652748
0.7142857143	0.0748106061	0.0772532189	0.0864516129	0.1011804384	0.0984182777	0.0884557721	0.0780619112	0.0663507109	0.0675965665	0.072	0.0663811563	0.0604288499	0.0491419657	0.0377588307	0.0345679012	0.0249659555	0.0268576544	0.0412416851	0.044229996	0.0432884685	0.0448529412	0.043230563	0.0408932715	0.0396257567	0.0381002088	0.0393639208	0.0364333653	0.0419296664	0.0409306333	0.0440238197	0.0431965443	0.0478072652	0.0487804878	0.0493471257	0.0521000321	0.0532535527	0.0541137493	0.05473578	0.0566825776	0.0563257286	0.0604622994	0.0662264332	0.067054366	0.0664100096	0.0682095006	0.0752439989	0.0815833937	0.0798746217	0.0823666456	0.0848497854	0.0896562285	0.1035695446	0.1115497584	0.1258686087	0.1256395203	0.1307095735	0.1311043089	0.1315672008	0.1271492832	0.1275525017	0.1306935724	0.1293466717	0.1247510952	0.1158039855	0.1037274237	0.0998899828	0.1012934519	0.1005822917	0.1021078631	0.1077339274	0.1028740292	0.1125782618	0.1063289183	0.0907875017	0.0828257337	0.0769341838	0.0834617034	0.0824035619
0.7301587302	0.0662878788	0.0686695279	0.0593548387	0.0455311973	0.0386643234	0.0449775112	0.0430686406	0.058056872	0.0600858369	0.048	0.0503211991	0.0477582846	0.0421216849	0.0322777101	0.030617284	0.0217884703	0.0205908684	0.0363636364	0.0390028146	0.0392870135	0.0389705882	0.0402144772	0.0353828306	0.0321959274	0.0281837161	0.0271115746	0.0251677852	0.0293056808	0.0254200776	0.0255210549	0.024739839	0.0269151139	0.0263924281	0.0254366627	0.0272523245	0.0272251309	0.0278851463	0.0261066969	0.0256563246	0.0256522214	0.0244271727	0.023255814	0.0222045995	0.0214950273	0.0217095364	0.0224874703	0.0234129858	0.0255620406	0.026112702	0.027639485	0.0284434576	0.0294707227	0.0247923444	0.0247610378	0.0241549945	0.0232915345	0.0229809277	0.0236575459	0.0235843108	0.0288783509	0.0286357202	0.0288978725	0.0299349529	0.0318335631	0.0292986578	0.0317921521	0.0325788197	0.0372819592	0.0402748136	0.0414317541	0.0396112486	0.0497809165	0.0443053261	0.0396691393	0.0382084078	0.0468926506	0.0540345249	0.0541849066
0.746031746	0.0227272727	0.0225321888	0.0361290323	0.0320404722	0.0333919156	0.0329835082	0.0323014805	0.0414691943	0.0311158798	0.0388571429	0.0364025696	0.0350877193	0.0288611544	0.0225334957	0.0212345679	0.0149795733	0.0250671441	0.0585365854	0.0570969039	0.0512913787	0.0536764706	0.0576407507	0.0435034803	0.0412768299	0.0375782881	0.0401459854	0.0376318313	0.0417042381	0.0422231797	0.0508294343	0.0475161987	0.0500658762	0.0547870404	0.0515516364	0.052901571	0.0501121915	0.0499723909	0.0499432463	0.0572792363	0.0612378561	0.0628848289	0.0714900947	0.0778042118	0.0785210138	0.0809629577	0.0884990768	0.1061428916	0.103923476	0.0986749502	0.0958369099	0.0965469719	0.1052576051	0.1021065597	0.1088757396	0.1081383321	0.1012237498	0.1000941841	0.1006561621	0.0982889814	0.099893545	0.0986099517	0.1019390866	0.1105967078	0.1198771776	0.1172694489	0.1154757539	0.1166801401	0.1174012206	0.1143977363	0.1128944258	0.1128488521	0.1197986212	0.1239988793	0.1239968887	0.1224865876	0.1224338993	0.1296431577	0.1262169342
0.7619047619	0.0189393939	0.0193133047	0.0309677419	0.0252951096	0.0263620387	0.0254872564	0.0269179004	0.0367298578	0.0268240343	0.0354285714	0.0331905782	0.0321637427	0.0257410296	0.0200974421	0.0192592593	0.0131638675	0.0228290063	0.0563192905	0.0554885404	0.0498363041	0.0525735294	0.0556300268	0.0408932715	0.0388002201	0.0354906054	0.0385818561	0.0354745925	0.0389990983	0.0392072383	0.0480646533	0.0449636756	0.0476190476	0.052238806	0.0488383924	0.049855723	0.0468212416	0.0467973495	0.0472947408	0.0546539379	0.0581814212	0.0595538508	0.0686190066	0.0754251476	0.0760346487	0.0780970123	0.0853996307	0.1019792421	0.1003026373	0.0961995826	0.0930901288	0.0934078554	0.1021979954	0.098569308	0.1051130329	0.1042802427	0.0962632825	0.0948434189	0.095522921	0.0940429646	0.0959063196	0.0943454433	0.098153414	0.1076264436	0.1168066174	0.1151146957	0.1133459336	0.1141201832	0.1144833913	0.112071653	0.1099390743	0.1092109755	0.1156048782	0.1191683815	0.1204587278	0.1193729064	0.1200472239	0.126014388	0.1235754106
0.7777777778	0.0113636364	0.0096566524	0.0064516129	0.0033726813	0.0035149385	0.0059970015	0.0053835801	0.0047393365	0.0096566524	0.0114285714	0.0096359743	0.0087719298	0.0085803432	0.0066991474	0.0098765432	0.0018157059	0.0013428827	0.0133037694	0.015681544	0.0160058203	0.0150735294	0.014075067	0.0159512761	0.0145844799	0.0127870564	0.0122523462	0.0117449664	0.0166816952	0.0159414046	0.0189281157	0.0200274887	0.0225861095	0.0240262104	0.0242496185	0.0256492466	0.023934181	0.0249861955	0.0262328162	0.0307875895	0.0332933086	0.0334107197	0.0369413341	0.0395629571	0.0399422522	0.0439206133	0.0469533105	0.0527395607	0.0549070471	0.0555258943	0.0560515021	0.0571931705	0.0614032003	0.05905947	0.0632984373	0.0629875031	0.0603565493	0.0596185543	0.0600142838	0.0594021945	0.0618794155	0.0590861249	0.0602452979	0.0633545732	0.0673956636	0.0653907735	0.0658410674	0.0667475074	0.0680529541	0.0678760701	0.0670296444	0.0666339507	0.073983957	0.0732400081	0.0691032232	0.0671393168	0.0684916381	0.0755133478	0.0760205036
0.7936507937	0.0113636364	0.0096566524	0.0064516129	0.0033726813	0.0035149385	0.0059970015	0.0053835801	0.0047393365	0.0096566524	0.016	0.0139186296	0.0136452242	0.0109204368	0.0085261876	0.009382716	0.0013617794	0.0017905103	0.0164079823	0.0168878166	0.0170971262	0.0194852941	0.0157506702	0.0130510441	0.0115575124	0.0075678497	0.0086027112	0.0035953979	0.007213706	0.0043084877	0.0095703956	0.005497742	0.0073404856	0.0089188205	0.0052569103	0.0060916961	0.004038893	0.0031750414	0.0023962669	0.0026252983	0.0022923262	0.0022206521	0.0038281175	0.0052868094	0.0045717036	0.0034391345	0.0050778159	0.0141805455	0.013024211	0.0105809834	0.0097854077	0.0100681418	0.012484614	0.0064744339	0.008830223	0.0081914507	0.0044820466	0.0037438192	0.0036379056	0.0030478833	0.0063292364	0.0025949987	0.0030662236	0.0044305058	0.0085693696	0.0041449072	0.0021016108	0.0013473457	0.0023444568	0.0027337474	0.0038760571	0.0059742255	0.0145890824	0.0117187877	0.0070383791	0.0046387494	0.0043316884	0.0109101304	0.0083660718
0.8095238095	0.0170454545	0.0160944206	0.0270967742	0.0168634064	0.014059754	0.011994003	0.0121130552	0.0272511848	0.0160944206	0.0171428571	0.0149892934	0.0136452242	0.011700468	0.009135201	0.0113580247	0.0054471176	0.0134288272	0.0425720621	0.0418174507	0.0352855584	0.0319852941	0.0365281501	0.0237819026	0.0203632361	0.01565762	0.0138164755	0.0105465005	0.0137511271	0.0099095218	0.0108464483	0.0090320047	0.0103519669	0.0101929378	0.0079701543	0.0089772363	0.0070306657	0.0067642187	0.0061798461	0.0066825776	0.0064403449	0.0067628949	0.0073691262	0.0079302141	0.0077799166	0.0077380526	0.0083750989	0.0123099203	0.0122676178	0.0111148862	0.0118454936	0.0119822372	0.0122384385	0.0066323469	0.0061902594	0.0055075624	0.0046079468	0.0039792795	0.0037271794	0.0034893009	0.0070453886	0.0031394041	0.0030319641	0.0030532324	0.0054988094	0.0020500082	0.0016220486	0.0012799784	0.0023062319	0.0030454905	0.0043193598	0.0064009559	0.0150638458	0.011235738	0.0047997572	0.0027505696	0.0041872988	0.0113468532	0.0093164216
0.8253968254	0.0113636364	0.0096566524	0.0064516129	0.0033726813	0.0052724077	0.0074962519	0.0067294751	0.0071090047	0.0139484979	0.0171428571	0.0160599572	0.014619883	0.0132605304	0.0109622412	0.0128395062	0.0049931911	0.0040286482	0.0164079823	0.0148773623	0.015278283	0.0143382353	0.0127345845	0.0121809745	0.0099064392	0.006263048	0.0044316997	0.0014381592	0.0051848512	0.0017233951	0.0025521055	0.0017671314	0.003576134	0.0030942847	0.0022045108	0.0035267714	0.0022438295	0.0023467697	0.0023962669	0.0027446301	0.0030564349	0.0035328556	0.004593741	0.0056392634	0.0055341675	0.0054452963	0.0058691638	0.0091720975	0.0099437959	0.0095617143	0.0105150215	0.0107189342	0.0113592404	0.0056848688	0.0051282051	0.0047247617	0.0041295261	0.003626089	0.0035932688	0.0034472611	0.0070453886	0.0031756977	0.0032717805	0.0035178548	0.005953127	0.0024540245	0.0020592965	0.0015090272	0.0021278493	0.002493945	0.0036373556	0.0057181872	0.0144011553	0.0104048923	0.0036709605	0.0015159905	0.0028368312	0.0098778764	0.0077300109
0.8412698413	0.0132575758	0.0128755365	0.0103225806	0.0118043845	0.014059754	0.0179910045	0.0188425303	0.0118483412	0.0160944206	0.0194285714	0.017130621	0.014619883	0.0124804992	0.0097442144	0.0113580247	0.0036314117	0.0022381379	0.0141906874	0.0213108162	0.0218261186	0.0220588235	0.019772118	0.0179814385	0.016510732	0.0127870564	0.0112095933	0.0079098754	0.011496844	0.0081861267	0.0095703956	0.0088356568	0.0105401845	0.0103749545	0.0093267763	0.010740622	0.0095736724	0.0096631695	0.010215664	0.0118138425	0.0129898483	0.0135257898	0.0158866877	0.017798925	0.0182066089	0.0187002938	0.0214982854	0.0278180063	0.028102032	0.0270834345	0.0284120172	0.0292856596	0.0325655003	0.0268767963	0.0265210135	0.0263076966	0.0246260764	0.0240640452	0.024527965	0.0246563249	0.0287041517	0.0263673647	0.0284524992	0.0333366521	0.0392749718	0.0372443101	0.0368698694	0.0370924279	0.0378171069	0.0373132539	0.0377261981	0.0397285995	0.047891754	0.0471939638	0.0438143841	0.0427109905	0.0453043648	0.0520494211	0.047442661
0.8571428571	0.0151515152	0.0139484979	0.0116129032	0.0118043845	0.0105448155	0.011994003	0.0107671602	0.009478673	0.0139484979	0.0148571429	0.0128479657	0.0116959064	0.0109204368	0.0079171742	0.0108641975	0.0027235588	0.0022381379	0.0133037694	0.0152794532	0.015278283	0.0139705882	0.0127345845	0.0130510441	0.0110071547	0.007045929	0.0044316997	0.0021572387	0.0065374211	0.0032313658	0.0034028073	0.0025525231	0.0041407867	0.0036403349	0.0025436663	0.0043283104	0.0032909499	0.0031750414	0.0026485055	0.0027446301	0.0030564349	0.0033309781	0.0027753852	0.0025552912	0.0024863651	0.0030808913	0.003692957	0.0076635288	0.0081063554	0.0068922002	0.0086695279	0.0096087589	0.0099876912	0.0050847993	0.0049764831	0.0047247617	0.005438888	0.0052978573	0.0051109226	0.0042460167	0.0077615407	0.0042645084	0.0037856727	0.0029868578	0.0055458077	0.0011970851	9.168100651640386E-4	0.0010239828	0.0024591313	0.0026737968	0.004614895	0.0074464453	0.0167749721	0.0134867499	0.005530155	0.0029593587	0.0036607014	0.0120535502	0.0089647173
0.873015873	0.0123106061	0.0107296137	0.0077419355	0.0050590219	0.0052724077	0.0074962519	0.0067294751	0.0082938389	0.025751073	0.0297142857	0.0289079229	0.0272904483	0.0257410296	0.0237515225	0.027654321	0.0204266909	0.0237242614	0.0407982262	0.0361881785	0.030556566	0.0305147059	0.029155496	0.0295823666	0.0275178866	0.0234864301	0.023983316	0.0218120805	0.0263751127	0.0247738044	0.025095704	0.0270960141	0.0325616413	0.0320349472	0.0323893505	0.036069253	0.0335078534	0.0323025953	0.0394753437	0.041646778	0.0422442965	0.04451398	0.0444061633	0.045290334	0.0474815528	0.054381314	0.0567792139	0.057446295	0.0592304367	0.0593117507	0.0622317597	0.0649261159	0.0654123439	0.0633547042	0.0646032469	0.0640498756	0.0653170167	0.0663056275	0.0677141454	0.0679152478	0.0737443143	0.0699016441	0.0702319367	0.0714024957	0.0737561098	0.0705232758	0.0704674321	0.0702506063	0.0702827364	0.070753699	0.072610712	0.074368439	0.0820846068	0.0792877914	0.0731346398	0.0705253316	0.0714643655	0.078348076	0.0770007857
0.8888888889	0.0274621212	0.0268240343	0.0193548387	0.0151770658	0.0175746924	0.0194902549	0.0201884253	0.0201421801	0.0300429185	0.0331428571	0.0256959315	0.0253411306	0.0257410296	0.0359317905	0.0913580247	0.081252837	0.0868397493	0.087804878	0.0932850824	0.0836667879	0.0738970588	0.0740616622	0.089037123	0.0965877821	0.0915970772	0.0815954119	0.0788590604	0.0863390442	0.0840155106	0.0827307529	0.0830551738	0.0884622624	0.0871860211	0.0875021197	0.0888105162	0.0779356769	0.0796521259	0.0837432211	0.0871121718	0.0949677983	0.105480973	0.0986697292	0.0897876465	0.0991337825	0.0951493874	0.1001714587	0.0926261163	0.0976005188	0.1002766587	0.1043347639	0.1093331292	0.1120801829	0.1105706977	0.1086633288	0.0993597808	0.0955078814	0.0983282317	0.0975985359	0.1028082566	0.1015194039	0.1027292854	0.1015279729	0.0973715651	0.0981325981	0.095796735	0.0962086378	0.0987200216	0.1055642623	0.1114121964	0.1183959262	0.121959546	0.1348031216	0.1281917514	0.1017624405	0.0907234089	0.0904388595	0.1039559148	0.1081378381
0.9047619048	0.8011363636	0.8111587983	0.8361290323	0.8330522766	0.8137082601	0.7976011994	0.8034993271	0.8033175355	0.7843347639	0.7725714286	0.7740899358	0.7573099415	0.7394695788	0.7283800244	0.6775308642	0.6740807989	0.6812891674	0.7272727273	0.7020506634	0.7071662423	0.7125	0.7148123324	0.6803944316	0.6783159053	0.6798016701	0.6918665276	0.679050815	0.6868800721	0.6891426109	0.703743088	0.6881994895	0.6894409938	0.6960320349	0.6869594709	0.6827508817	0.6918474196	0.687603534	0.6778912852	0.6865155131	0.6822399301	0.6803270415	0.7040865155	0.7066701912	0.6970644851	0.7012251917	0.7072672118	0.7200699976	0.7083873757	0.7012570985	0.6961373391	0.6930556619	0.7134868999	0.7109244228	0.7359126081	0.7301014845	0.7337211059	0.7321638804	0.7331830558	0.7269306764	0.7293525598	0.7298116358	0.7341292953	0.7408071154	0.746835443	0.7340376184	0.7254365426	0.727135543	0.724347948	0.7184120285	0.7286646358	0.7180485619	0.724132815	0.7319556754	0.7447307014	0.7408200873	0.7386463049	0.7259286315	0.7189209414
0.9206349206	0.7651515152	0.7778969957	0.8038709677	0.8414839798	0.8260105448	0.7901049475	0.7685060565	0.7523696682	0.7381974249	0.7577142857	0.7398286938	0.7144249513	0.6497659906	0.5542021924	0.5066666667	0.4988651838	0.5425246195	0.6585365854	0.6722959389	0.6587850127	0.6775735294	0.6642091153	0.6238399072	0.6219042378	0.6236951983	0.6397288843	0.631831256	0.6287195672	0.6309780267	0.6435559336	0.6359709405	0.6393751176	0.6374226429	0.6296421909	0.6293683873	0.630815258	0.6282440641	0.621894312	0.6215990453	0.6246043008	0.6272332694	0.6375729735	0.6356507181	0.6351459737	0.6276420434	0.6323529412	0.6443398503	0.6422935581	0.6404407125	0.6349785408	0.6321491463	0.6426235273	0.6337681205	0.6537399484	0.6647935363	0.6544795286	0.6662349894	0.6732803642	0.6761886745	0.676531501	0.677693899	0.6828428518	0.6870104872	0.6894974308	0.6915410974	0.6902592457	0.6933306386	0.6952333626	0.6922375962	0.6972015095	0.7011287019	0.7074765338	0.7191741781	0.7272011535	0.7249521147	0.7238336292	0.728691896	0.7266060538
0.9365079365	0.7443181818	0.7618025751	0.7896774194	0.8246205734	0.8101933216	0.7781109445	0.7577388964	0.7417061611	0.7263948498	0.7462857143	0.7291220557	0.7037037037	0.6404056162	0.5481120585	0.5022222222	0.4943259192	0.5371530886	0.6514412417	0.6650583032	0.6504183339	0.66875	0.6548257373	0.6151392111	0.6125481563	0.613256785	0.6285192909	0.6203259827	0.6163210099	0.6182679879	0.6307954062	0.623601021	0.6260116695	0.623771387	0.6160759708	0.6147803783	0.615407629	0.6126449475	0.6065077563	0.6059665871	0.6091038096	0.6108811951	0.6206335535	0.6186448145	0.6180622393	0.6110195601	0.6161303086	0.627745595	0.6269995677	0.6250060671	0.6189699571	0.6159941811	0.6248988922	0.6145974797	0.6315581854	0.6412535995	0.6308102936	0.640569814	0.64716779	0.6516584689	0.6528791251	0.6530141908	0.6577477817	0.6614562591	0.6659825793	0.6690957518	0.6678185562	0.6688763137	0.6693424054	0.6654876382	0.6699668091	0.6740419903	0.6791687685	0.6902394961	0.6992563222	0.6991621202	0.6987183298	0.7026076323	0.6999214278
0.9523809524	0.0255681818	0.0193133047	0.015483871	0.0118043845	0.0123022847	0.0134932534	0.0121130552	0.0118483412	0.017167382	0.0194285714	0.017130621	0.0165692008	0.0148205928	0.0103532278	0.0108641975	0.0027235588	0.0017905103	0.0146341463	0.0172899075	0.0185522008	0.0183823529	0.0174262735	0.0168213457	0.0156851954	0.013308977	0.0117309698	0.0095877277	0.0142019838	0.0107712193	0.0114844747	0.0107991361	0.0133634481	0.0129231889	0.0118704426	0.0139467778	0.0133133882	0.0136664826	0.013494766	0.0132458234	0.0133173234	0.0141314222	0.0145468466	0.0148030663	0.0145171639	0.0144730243	0.014573991	0.0178614531	0.0174016429	0.0175217201	0.0195708155	0.0203276931	0.0222964656	0.0171177715	0.0192686997	0.0202130336	0.0198670494	0.0213327054	0.0214480204	0.0196746122	0.0225104036	0.0196348855	0.0198704992	0.0196800743	0.0199899737	0.0150982358	0.0146971706	0.0163433037	0.018691946	0.0199995204	0.0214944985	0.023118119	0.0328279082	0.0291568849	0.0206218816	0.0164126399	0.0170719485	0.0250520097	0.023556703
0.9682539683	0.0179924242	0.0160944206	0.0129032258	0.0101180438	0.0105448155	0.0104947526	0.0094212651	0.0082938389	0.0128755365	0.0148571429	0.0128479657	0.0116959064	0.0101404056	0.0079171742	0.0113580247	0.0036314117	0.003133393	0.0155210643	0.0172899075	0.0174608949	0.0154411765	0.0134048257	0.0124709977	0.0107319758	0.0073068894	0.0052137643	0.0019175455	0.0060865645	0.0025850926	0.0029774564	0.0015707834	0.0031996989	0.0029122679	0.0018653553	0.0032061558	0.0019446522	0.0019326339	0.0020179089	0.0023866348	0.0021831678	0.0022206521	0.0024882764	0.0026434047	0.0024863651	0.0027226481	0.0028356634	0.0058532464	0.0068633809	0.0067465903	0.0081974249	0.008728275	0.0093546685	0.0051479645	0.005340616	0.0050602477	0.004733847	0.0044266541	0.0046645539	0.0048555934	0.0086906029	0.0050448227	0.0051903114	0.0059239347	0.0084753729	0.0054317736	0.0053174984	0.0050525465	0.0062816151	0.0074458646	0.0090706556	0.0115963984	0.0206423153	0.0170806403	0.0113069378	0.009059632	0.0105914029	0.0178897553	0.0157743106
0.9841269841	0.0142045455	0.0128755365	0.0090322581	0.0067453626	0.007029877	0.0089955022	0.0080753701	0.0071090047	0.0118025751	0.0137142857	0.0117773019	0.0107212476	0.0093603744	0.0073081608	0.0098765432	0.0018157059	0.0013428827	0.0124168514	0.0144752714	0.0149145144	0.0136029412	0.0117292225	0.0113109049	0.0096312603	0.0060020877	0.0039103233	9.587727708533078E-4	0.0049594229	0.0015079707	0.0021267546	5.89043785588062E-4	0.002258611	0.0020021842	8.478887569950822E-4	0.0020840013	8.975317875841435E-4	8.282716731087797E-4	0.0010089545	0.0011933174	0.0010915839	0.001110326	0.0012441382	0.0014979293	0.0014436959	0.00157627	0.0019783698	0.0050687907	0.0061067877	0.0061156142	0.0075536481	0.0081157645	0.0087216459	0.0034425039	0.0033682294	0.003131203	0.0027949841	0.0024958794	0.0026782127	0.0027746248	0.0066389238	0.0029942293	0.0031347425	0.0037667596	0.0065484397	0.0033069476	0.0031453638	0.0028563729	0.0039881248	0.0049279394	0.0062744385	0.0085772809	0.0175266807	0.0138925118	0.0075126634	0.0054103614	0.0069476885	0.0141418793	0.012159988
1	0.0142045455	0.0128755365	0.0103225806	0.0067453626	0.007029877	0.0089955022	0.0080753701	0.0071090047	0.0118025751	0.0137142857	0.0117773019	0.0107212476	0.0093603744	0.0066991474	0.0098765432	0.0027235588	0.0022381379	0.0146341463	0.0164857258	0.0163695889	0.0143382353	0.0120643432	0.0116009281	0.0096312603	0.006263048	0.0041710115	9.587727708533078E-4	0.0049594229	0.0012925463	0.0017014037	9.817396426467701E-4	0.0026350461	0.0020021842	8.478887569950822E-4	0.0024046169	0.0010471204	0.0011043622	0.0010089545	0.0011933174	0.0010915839	0.001110326	0.0012441382	0.0013217024	0.0011228746	0.0013613241	0.0014508045	0.0043446778	0.0051880674	0.0050478086	0.0065236052	0.007082153	0.0075962722	0.0032845908	0.0032165074	0.002795717	0.0024424636	0.0019778667	0.0020086596	0.0020809686	0.0058259944	0.0020687402	0.0020384391	0.0021737688	0.0044021807	0.001167158	9.591243758639174E-4	6.467259498787387E-4	0.0018347922	0.0028656387	0.0044557607	0.0068276863	0.0156968636	0.0118443807	0.0057862685	0.0034949482	0.0049177404	0.012164716	0.0099375164
