Outlying	Skewed	Clumpy	Sparse	Striated	Convex	Skinny	Stringy	Monotonic
0	0.9908583536	0.4446147154	0.9779086867	0.2222222222	0	1	0.2962962963	0.0461544215
0	0.9867855184	0.3947471412	0.9779086867	0	0	1	0.125	0.0058822908
0	0.9766921609	0.1240229346	0.3269469401	0.0555555556	0	1	0.1984953704	8.59650060733897E-4
0.0253948769	0.6872559244	0.5194214421	0.0589172742	0.8524590164	3.4563991457202175E-4	0.8501772282	0.900077904	0.0526343551
0	0.7585068464	0.2589331953	0.1247256974	0.6666666667	6.359082469178757E-4	0.8849481952	0.7320041171	0.0083384683
0.1020354347	0.7318939306	0.4152397631	0.0736952517	0.7407407407	0.001216894	0.8804149646	0.813037037	0.449117087
0	0.6714304416	0.5478784129	0.0579605472	0.8392857143	9.685898278501324E-5	0.5934550616	0.8910107001	0.0640358142
0	0.7742674512	0.288302633	0.1197979166	0.6853932584	2.02860737718287E-4	0.7937597187	0.729	0.0107231275
0	0.7407916167	0.3364534707	0.1011320422	0.7105263158	9.2440324999837E-4	0.8929794755	0.7611572286	0.280854366
0	0.6377090901	0.0565757734	0.0686219997	0.1140350877	0.6159674517	0.5230791036	0.4078136769	0.8456236654
0	0.8769784192	0.510701354	0.0746762958	0.8301886792	6.216937290399687E-4	0.8511868475	0.884736	0.0387656089
0.0241553024	0.6777893373	0.2931991225	0.0942750011	0.6489361702	3.4676015304102597E-4	0.8745657866	0.6803529986	0.0030752636
0.0397904954	0.674796403	0.3386432366	0.0903326117	0.6933333333	6.264120314181085E-4	0.8748299721	0.757963566	0.3356548561
0	0.5861077281	0.0548878202	0.0648669099	0.0357142857	0.489656666	0.6114790668	0.421875	0.8458655292
0	0.5967147996	0.0987972026	0.0581266236	0.046728972	0.4216383681	0.6543900989	0.4021029047	0.8897338783
0	0.7997458643	0.5430552639	0.0716727298	0.8363636364	4.6977914639392924E-4	0.8306997399	0.8889963587	0.1002148906
0.0397434983	0.8219582468	0.3061752944	0.1394320144	0.6506024096	9.715401767508379E-4	0.871896502	0.7094742661	0.0624573526
0	0.7421684993	0.356999315	0.1040912541	0.7088607595	4.0380623268246655E-4	0.8026652671	0.7702546296	1.603752326817074E-4
0	0.6760576937	0.0374089085	0.0984955023	0.1157024793	0.5659577172	0.4742123265	0.390911001	0.0817079388
0.0483590195	0.6992013005	0.0542481962	0.1022270333	0.1282051282	0.5919725618	0.5033536737	0.5199584079	0.224364217
0	0.6591790538	0.0795282439	0.1109498026	0.0672268908	0.5181529513	0.5211936887	0.5199584079	0.0548007189
0.1036086767	0.7352947181	0.5064733826	0.0618623393	0.8947368421	4.083229005477499E-4	0.8483913731	0.9464402705	0.013768269
0.1122363	0.8195994586	0.2509525168	0.1453919962	0.6555555556	0.0012635637	0.8919754896	0.7320041171	0.0503561356
0	0.7655234642	0.255193942	0.0932778978	0.75	0.0011296062	0.8968188746	0.8197563175	0.0141689144
0.0530640633	0.5657261185	0.0574675789	0.0908911287	0.0578512397	0.608884216	0.5183919766	0.336648311	0.0336205558
0.0234452236	0.5768619807	0.0538577446	0.1010891402	0.0330578512	0.759944732	0.4166037879	0.3113593964	0.0044924017
0.0192897177	0.5105359414	0.0516414021	0.0934585741	0.025	0.6819295192	0.5053242819	0.2812333429	0.0150456472
0.1215016972	0.6177740476	0.1025056863	0.0983044723	0.0347826087	0.5958099641	0.3757113247	0.3846731781	0.0143638736
0.6628859061	0.7765995365	0.5291164141	0.0648074398	0.8085106383	5.189693249943209E-4	0.793514464	0.8697407964	1.9110387194929584E-4
0.176510647	0.7743344493	0.3905210357	0.114876927	0.6951219512	0.0014501358	0.9008026171	0.778688	9.302269027824286E-6
0.275983933	0.7781006397	0.4406406507	0.0824727301	0.6515151515	9.82734275066228E-4	0.853672875	0.7248891075	0.323228468
0.183395814	0.6405715958	0.0498082939	0.0913935125	0.0636363636	0.5919753003	0.3679645537	0.3185095979	0.4403168446
0.0647760603	0.6536607194	0.0615018319	0.0866784799	0.0825688073	0.6711570716	0.3340922966	0.5076975016	0.5026583744
0.0484427828	0.6427968617	0.0582393043	0.0787538173	0.0280373832	0.5635442379	0.4899290504	0.279528903	0.5541404866
0.0740163389	0.6426299503	0.0326435961	0.0931434543	0.0442477876	0.649329206	0.4368115842	0.4029879437	0.0337386505
0.0565677418	0.622202949	0.0470651921	0.0901617091	0.0672268908	0.6742212008	0.4929039223	0.347869013	4.992069094210387E-4
0.0387190433	0.6898596114	0.5553765261	0.052184354	0.8269230769	1.0959324665101568E-4	0.6082380639	0.8824809391	0.0221637648
0.1628564147	0.7580953787	0.4009302223	0.0943823031	0.6153846154	8.196741721990553E-4	0.8636565974	0.6909430183	0.0040762675
0.3347936887	0.7599555185	0.3572583156	0.1060545476	0.671875	0.0012366605	0.8541009613	0.7630335397	0.215157861
0.2417024258	0.6941455776	0.0521743704	0.0764684502	0.1018518519	0.5202592936	0.5298004293	0.4317622977	0.5232739357
0.281814523	0.720953574	0.0866050414	0.0794848399	0.0970873786	0.6169909802	0.5705461122	0.3756153164	0.5631542572
0.1326474463	0.7210155244	0.0430624269	0.0776816161	0.0535714286	0.4582070747	0.4456226645	0.4460224492	0.6652647784
0.2634845996	0.6983279994	0.0452182336	0.0983485891	0.0720720721	0.7163083838	0.378535815	0.3931210459	0.0502639519
0.0967836775	0.7229392706	0.0480904674	0.0959171577	0.0508474576	0.6670396469	0.2792681518	0.3718518119	0.0333402081
0.1855180708	0.6916838458	0.0285952316	0.0869338907	0.067961165	0.7117358413	0.1899065605	0.4584644282	0.2616907131
0.1055237914	0.7783749492	0.5560032956	0.0608727294	0.8163265306	2.4070942693483176E-4	0.7234107861	0.8751541054	0.0763157762
0.2693196089	0.8730306894	0.382069312	0.1472858227	0.6707317073	0.0010332727	0.8882737488	0.7422141828	0.0024506402
0.1030184375	0.7544474326	0.428968878	0.0893939959	0.7297297297	0.0011832822	0.8698094959	0.7952339457	0.2996097549
0.1366442111	0.5994709638	0.0400367698	0.0756255001	0.0642201835	0.5486449946	0.5235437589	0.3185095979	0.6424912293
0.0449526107	0.5185008991	0.0374254464	0.0754468368	0.0172413793	0.6046009726	0.5012792957	0.3067528645	0.5674003298
0.0499171691	0.6187667293	0.0817046262	0.0756764693	0.0892857143	0.7049142354	0.4087703575	0.2496062592	0.647979286
0.1603880535	0.6957952629	0.0556594834	0.0984024827	0.0508474576	0.642315321	0.3059663333	0.3815114966	0.0730509441
0.1208102404	0.6629748707	0.0399146337	0.098201456	0.0689655172	0.5227451851	0.5657935163	0.4359363617	0.0135294252
0.1227865269	0.6347446212	0.0538061609	0.080203191	0.0754716981	0.5762298454	0.5779710829	0.4064421074	0.2484414626
0.2591079901	0.6246242722	0.056556368	0.0752997606	0.0625	0.7614699632	0.3046652875	0.4266329441	0.4522342097
0	0.9318878423	0.4163508414	0.2130568151	0.7586206897	2.83736001947514E-4	0.7542663289	0.7865270824	0.1134372285
0.1860887882	0.93243808	0.36964888	0.2434909176	0.4761904762	3.760402835197583E-4	0.874981566	0.6385245199	0.0319426905
0.1024314275	0.9508715725	0.5053604444	0.3220902506	0.475	3.1723907615463786E-4	0.8766109515	0.6948338192	0.1692439804
0.6485309179	0.7515963186	0.0531137309	0.0738716268	0.0789473684	0.1681106651	0.5066034639	0.4574083293	0.4787381926
0.205488614	0.7381009615	0.0756416406	0.0756255001	0.1097560976	0.2335511262	0.5643408882	0.4283987255	0.4789144013
0.7921059422	0.8064366352	0.0681041814	0.0835988087	0.1818181818	0.580879992	0.4808819788	0.3797203657	0.3838980389
0.5752760396	0.8545127149	0.0456008704	0.102955239	0.0595238095	0.4013936176	0.4225527609	0.5007887238	0.0310194997
0.5983099441	0.7470328037	0.0518348809	0.0829970376	0.1011235955	0.2681607989	0.4746907997	0.533038517	0.0070269659
1.0536135269	0.8138946103	0.0436132304	0.0962231943	0.0857142857	0.7047254895	0.3855947224	0.4453072878	0.0876302362
0.7394207459	0.8223539124	0.0495262409	0.0926505597	0.0810810811	0.2848116074	0.3513102347	0.2962962963	0.2579790445
0.7968569084	0.8155859539	0.0686466476	0.1145407831	0.1369863014	0.6620986581	0.4854463861	0.473933557	0.3341506974
0.2992770084	0.8694008679	0.4923774421	0.2680651426	0.6818181818	3.621530671125941E-4	0.8347085771	0.857375	0.006044062
0	0.7439475803	0.1733510009	0.2532424948	0.2894736842	7.860314515172252E-5	0.7824656963	0.5244872613	0.0180181419
0.338825098	0.9086303278	0.3386046445	0.3246390505	0.34375	2.513251041994008E-4	0.8323527865	0.438976	0.0695746749
0.4564422579	0.7737462345	0.0668984146	0.1254577751	0.3043478261	0.2649958402	0.587540442	0.4453072878	0.002811417
0.2730435202	0.7599326168	0.0670852261	0.1028803079	0.3561643836	0.253244525	0.5533235264	0.669921875	0.0441005411
0.2416367887	0.7457402619	0.2104610059	0.1210188034	0.3188405797	0.2451339704	0.5570854609	0.52559222	0.0046294182
0.2516315397	0.731627736	0.0612289743	0.0952414277	0.328358209	0.2541068696	0.4610438163	0.5971715994	0.2765724596
0.0879851328	0.8015757758	0.0749358624	0.1266279086	0.3333333333	0.2750468886	0.5161453796	0.5953960655	0.0029680979
0.1058500005	0.8607876783	0.0570836067	0.1539232963	0.359375	0.3135832273	0.4404459404	0.6240300526	0.0045567409
0.2060028567	0.7827854194	0.2117344678	0.1417427261	0.3125	0.3882840496	0.3711064689	0.5787037037	0.0025612146
0.0386290194	0.7876476388	0.0889608157	0.1145870614	0.3194444444	0.2874782072	0.5374234451	0.5446712963	0.0022888948
1.0476566603	0.8428744867	0.0724245718	0.1443573303	0.225	0.1322309674	0.5300127386	0.7702546296	0.0027087516
0.1975212737	0.8795225296	0.476769587	0.0932933981	0.8043478261	0.0010136417	0.8982560503	0.9333560293	0.1547327476
0.1605645249	0.8773925791	0.2090073934	0.1580727328	0.6493506494	0.001064084	0.8796222091	0.7254839289	0.0795666402
0.1616365998	0.8481639328	0.3290224737	0.1296037235	0.7222222222	4.711272292080066E-4	0.8601659549	0.7478525262	0.0021889951
0.0294329305	0.690355744	0.054204577	0.0868506871	0.1	0.4027909595	0.5599042146	0.3739173029	0.0976565105
0.0925256508	0.701960501	0.0378100147	0.0928584132	0.0840336134	0.5792332277	0.4237754023	0.3862432707	0.1477714592
0.0731410505	0.6952393791	0.0337793529	0.1103181014	0.0446428571	0.5768251372	0.465714132	0.2962962963	0.0875523119
0.1460535423	0.7267176309	0.0858054264	0.0925308326	0.1100917431	0.7060773044	0.2816084954	0.4021029047	0.4483739161
0.0645111223	0.6141139721	0.0300816258	0.0931227535	0.052173913	0.7117512931	0.368440645	0.3446924312	0.0115499383
0.1614532425	0.7120112972	0.0371339948	0.0972198361	0.0576923077	0.5868508262	0.3776470827	0.3561908896	0.0085550933
0.2034007178	0.7049554746	0.1049489	0.0964833116	0.0727272727	0.638932575	0.3212896518	0.3931210459	0.0544957781
0.2832864677	0.7462320472	0.0428160614	0.1095816455	0.045045045	0.57026275	0.3939438023	0.3412319623	0.0314628133
0.674356868	0.8384836976	0.0446770017	0.1065849483	0.095890411	0.7688139283	0.3584425129	0.4293196827	0.0431372223
0	0.7892018704	0.068105925	0.1119186638	0.2777777778	0.2414571033	0.5389815538	0.4988724425	0.0336279046
0.2891297082	0.9060558192	0.5209052929	0.1689183929	0.7777777778	6.412247955538641E-4	0.8673372275	0.8289784901	0.0590475687
0.0508850566	0.8243747158	0.1999685523	0.1836000064	0.6031746032	3.0565615878842746E-4	0.6610609182	0.7117802478	4.500980115584835E-5
0.1182350764	0.8741472232	0.3170649371	0.166935084	0.5818181818	4.950910007338677E-4	0.8441467494	0.669921875	0.021800392
0.1847031307	0.6989925629	0.0659755276	0.0895825058	0.0707070707	0.422245718	0.4836739233	0.4056508511	1.8625174793524267E-4
0.174580734	0.656752702	0.0639646718	0.0886957426	0.1165048544	0.5066109792	0.4557638122	0.485058309	0.0079827409
0.4691160889	0.7453251812	0.0436866037	0.1077900476	0.1428571429	0.6376757485	0.4131611377	0.5022168277	0.0055323458
0.4690867347	0.7808784628	0.0635341051	0.086204534	0.1827956989	0.543253749	0.4330290092	0.445749207	0.1576649012
0.5440993056	0.730290025	0.0324183978	0.1125456641	0.0736842105	0.46874327	0.393311195	0.3348979767	1.5382264801478034E-4
0.2993625217	0.7644437149	0.0535680785	0.1066934225	0.1770833333	0.6341365185	0.1840124401	0.5022168277	0.0057613686
0.0756250351	0.7175463809	0.0360831788	0.0930709812	0.0934579439	0.4879857153	0.3357263983	0.3777630481	0.0013450472
0.3255625863	0.725374847	0.0287704676	0.0935255935	0.1923076923	0.7665370871	0.2850796577	0.485058309	0.0171681589
0.8412315161	0.8456268111	0.0481013307	0.1055625816	0.1612903226	0.3533168845	0.4198624116	0.474552	7.679177546737782E-5
0.8311864098	0.814199329	0.0761325633	0.1581458948	0.25	0.270693055	0.4321170576	0.5022168277	6.656259157555133E-4
0.2715583588	0.7528255979	0.0462466236	0.0972446212	0.0957446809	0.5665207482	0.4013513823	0.3827004989	0.0577220062
0.2064232681	0.7463001811	0.5860440223	0.0952566085	0.8717948718	5.512195038206803E-4	0.8335849366	1	0.0077873439
0.4691126103	0.8353950029	0.3438289429	0.2385818265	0.5454545455	3.1331485413166706E-4	0.7938302496	0.6638317136	0.0107445764
0.3381317994	0.8610322385	0.348903476	0.2297475604	0.56	5.890128407631933E-4	0.8163963143	0.6370885582	0.1767294879
0.1112018711	0.6969593975	0.5831713024	0.1035946172	0.2747252747	0.4184993109	0.4467681936	0.4814917182	0.0222182983
0	0.5859364165	0.4985258243	0.1010128249	0.2282608696	0.4064753359	0.5748082152	0.5170692703	0.0505018653
0	0.6421959032	0.2606633997	0.1004578052	0.2244897959	0.4051579844	0.6136292292	0.5167553877	0.0044960169
0.0298931159	0.6757484723	0.3976998093	0.1219748614	0.2688172043	0.3366567129	0.5750363709	0.5170692703	0.2458973
0.0481087847	0.6319028847	0.458833106	0.1099724061	0.2828282828	0.3976072351	0.4140402652	0.5454850481	0.0258940935
0.0449033564	0.5669555433	0.5525781318	0.0844420746	0.21875	0.4151060538	0.4967454592	0.4783058548	0.0159487099
0.2168548948	0.6535583228	0.4167688735	0.0958970556	0.2258064516	0.4861566002	0.3037876521	0.4814917182	1.1860705023874772E-4
0.3552272818	0.7412549661	0.5098832044	0.1097706136	0.275862069	0.3347252482	0.5153726858	0.485058309	0.0300410727
0.171457117	0.7712841701	0.5342698386	0.1166877629	0.109375	0.2107417871	0.4721512832	0.5340448827	7.29919650922879E-7
0.5408305395	0.8217443709	0.4338958049	0.2133258506	0.3454545455	0.4562008373	0.4638774644	0.5558628258	1.1518227296543253E-4
0.103340996	0.7622806897	0.2714314103	0.1103181014	0.2666666667	0.5065708798	0.3514865964	0.5601371094	0.0223344972
0.2174013544	0.72338407	0.447071385	0.1166340535	0.1688311688	0.3685158904	0.4236252823	0.4936432144	6.130153891827363E-4
0	0.2136811421	0	0.981818216	0	0	1	1	0.0599274213
0	0.9973721798	0.1254681935	0.9759278006	0.125	0	1	0.216	0.0662765115
0	0.9970079731	0.1366190139	0.981818216	0	0	1	0.2962962963	0.0045107234
0.3986946398	0.7470465736	0.2473969232	0.0598989583	0.8292682927	4.486403022810059E-4	0.6481969102	0.9250324517	0.1594846801
0	0.7132291661	0.1050970674	0.0559722501	0.8043478261	5.6048402858040936E-5	0.6176330843	0.8668544908	0.056815549
0.0197534939	0.7514373171	0.1674380116	0.0540356926	0.7857142857	8.55867445917586E-5	0.6232766266	0.8539085285	0.0594393351
0.292974477	0.6543632003	0.2158152708	0.0481991752	0.7906976744	0	1	0.857375	0.1497206421
0.0980778739	0.8283385405	0.1689903339	0.0736429114	0.8163265306	6.013043223297806E-5	0.6590916269	0.8751541054	0.0126192059
0.144302534	0.8320335395	0.1843387507	0.0768080601	0.7692307692	1.3920496122714983E-4	0.6285919579	0.8424211248	0.0601048668
0.1565960949	0.7130990403	0.2070250161	0.0608727294	0.75	4.446720009344704E-4	0.6945427326	0.8464454228	0.0596417163
0.0750738526	0.7416574077	0.2184666478	0.0726611816	0.7857142857	1.5651735418758066E-4	0.5469458776	0.8539085285	0.0619076213
0.1977994897	0.9217427201	0.1987445462	0.2945601917	0.5714285714	1.338397396291415E-4	0.7987800944	0.7023319616	0.0034037098
0.3141896818	0.9076412443	0.2337541499	0.2690199828	0.7727272727	1.402149396138929E-4	0.6525384265	1	0.0622486718
0.3681363574	0.8685885473	0.1405992056	0.0981867306	0.775	0.0011965329	0.8394158341	0.8464454228	3.012992921835244E-4
0	0.8239778571	0.2136864919	0.1001502707	0.7272727273	2.3538794314776178E-4	0.6398425789	0.813037037	0.0010366788
1.0513616207	0.9089163614	0.1227876233	0.2013589242	0.9166666667	0.060876862	0.7405763606	1	0.0075190411
0.3752396885	0.7997287057	0.5551736098	0.0579605472	0.7567567568	1.264984465962909E-4	0.7682383476	0.833706493	0.0034731321
0.2893605318	0.9073184939	0.4069350488	0.1384676995	0.5967741935	7.047199668688303E-4	0.8698898032	0.7071314801	0.0089699064
0.3393695495	0.9198290366	0.5184775754	0.1728446284	0.5454545455	8.356378141384978E-4	0.8320734358	0.6549241872	0.653004895
0.2514941776	0.7525848714	0.0511109508	0.0746246435	0.0792079208	0.5821165377	0.4460094704	0.3902480655	0.5798985352
0.1499420812	0.6336515887	0.0242925033	0.0700470704	0.0185185185	0.4414757657	0.5989438575	0.3019578573	0.5195639868
0.2099840261	0.7433747909	0.0547497114	0.0755234586	0.0747663551	0.6448677503	0.3936621455	0.421875	0.4713958433
0.2519671717	0.7418433728	0.0403283687	0.0852543914	0.0980392157	0.6586174038	0.4633767162	0.3957334004	0.0971719591
0.1714389475	0.6308976617	0.0398152988	0.0737671591	0.0454545455	0.5513195049	0.5272750159	0.2801383409	1.8585398988582125E-6
0.5663149585	0.7332659902	0.043362175	0.0687342877	0.1165048544	0.7841361905	0.2542234219	0.381078125	0.317616469
0.3499668962	0.6837046866	0.0354628974	0.0728202068	0.0408163265	0.5958678903	0.4640257762	0.421875	0.2842198892
0.2681810929	0.7817109519	0.0369358913	0.0803472903	0.067961165	0.7509057824	0.3338611885	0.3505938232	0.3453465991
0.9948389431	0.8798348884	0.0545781553	0.1552390905	0.1272727273	0.7351678656	0.2811694549	0.4614012021	0.2715061845
0.5063393935	0.7589590431	0.0784592656	0.1211620963	0.1428571429	0.325188073	0.5243070234	0.3746965676	0.0275477334
0.4846760589	0.7506831014	0.0371570515	0.0945863511	0.0505050505	0.5252721268	0.4291090912	0.4380992173	0.0910877856
0.4347537605	0.7375541785	0.0356598127	0.0899422656	0.0813953488	0.612194631	0.4197921691	0.3846731781	2.637427073127625E-4
0.1600270905	0.7283925138	0.5633647879	0.0913565891	0.1578947368	0.503447488	0.2961431322	0.3797203657	0.0417723561
1.060565143	0.9232472609	0.225603897	0.128633175	0.68	9.319360037208355E-4	0.7741811939	0.7513148009	0.0844869303
0.1494579253	0.8844910422	0.5100200193	0.1246947788	0.8157894737	3.923397903019991E-4	0.8092983354	0.838180758	0.0049396012
0	0.8879030284	0.1790502349	0.2426700323	0.462962963	2.5055781884224015E-5	0.7042211077	0.6094250842	1.0169603335842148E-4
0.5296598753	0.8879213979	0.4435654826	0.2277839421	0.4888888889	7.230924143009214E-4	0.8555435885	0.5971715994	0.0072368794
0.2509455442	0.6988220103	0.123582782	0.1045163822	0.1573033708	0.4723879155	0.5878903288	0.4590787172	0.0627791968
0.2376725327	0.7354897978	0.0457374603	0.1167868538	0.2333333333	0.4683383526	0.4235166662	0.5601371094	0.1006372584
0.2713849433	0.699629386	0.0688190332	0.1032077296	0.1494252874	0.4672512918	0.4294184768	0.485058309	0.0687904788
0.2477229653	0.6969473729	0.0461034512	0.1105581371	0.1363636364	0.5551948149	0.31749985	0.4280187149	0.0257296377
0.5301463475	0.7756144283	0.0681064651	0.13020109	0.1022727273	0.4930829047	0.3853646643	0.2895111516	0.0038288741
0.3330839809	0.782219722	0.1499545911	0.1032077296	0.0697674419	0.4399379242	0.4520073265	0.421875	0.0286235373
0.4129892709	0.8206787007	0.0827641496	0.114876927	0.0897435897	0.6747194213	0.3753407165	0.4356307274	0.0409559981
0.4977583107	0.759364705	0.0287165029	0.1008600211	0.156626506	0.5037169121	0.4439078191	0.4347886579	0.0443146871
0.346178416	0.7902000208	0.0389725811	0.1207676316	0.0615384615	0.2778752822	0.4414168106	0.3340784877	0.0130272807
0.6983485382	0.8019948117	0.048647213	0.1600393809	0.25	0.5068285325	0.5224698638	0.539260694	3.5816881484293925E-6
0.2096920091	0.754280308	0.0638050091	0.1002272428	0.1882352941	0.6470822791	0.410087677	0.4410482672	0.0199920734
0.4877907739	0.7935475943	0.0504744994	0.1195441797	0.1690140845	0.3870983374	0.4386343885	0.421875	0.0242690808
0.2263982433	0.6757977343	0.2587144817	0.1076110388	0.2236842105	0.3793164854	0.3341537134	0.5305042652	0.0034108733
0.7106434953	0.923617133	0.2281303335	0.1541485867	0.75	8.382784982554167E-4	0.8540609927	0.8889963587	0.0150159826
0.4121319923	0.7881857653	0.1028750445	0.0950134256	0.1315789474	0.8474441323	0.2546003104	0.4574083293	0.0262613811
0.1958969889	0.8390744541	0.5301959833	0.1021090945	0.71875	5.082708245710382E-4	0.771052468	0.8070441593	0.0470181759
0.3591739295	0.8780180355	0.2030007153	0.2425170492	0.5490196078	5.371340938591596E-4	0.80838968	0.7023319616	0.0048699576
0.1442514493	0.7743611523	0.4106555022	0.1472760051	0.5833333333	3.1642042223501023E-4	0.8060241036	0.6836869669	0.1039321465
0.241981273	0.6234624497	0.0896941125	0.0719144144	0.1739130435	0.5688474564	0.5043494158	0.4514352843	0.4100815593
0.2286049796	0.5755329867	0.089379712	0.0733740809	0.170212766	0.5472062965	0.4464777759	0.4047740844	0.356853761
0.2684255742	0.6353310599	0.0658889611	0.0785699989	0.1276595745	0.5702291525	0.3737224152	0.4047740844	0.2626798333
0.1895151135	0.7760696912	0.0606369732	0.0952515485	0.0808080808	0.5657190498	0.4521811228	0.333293037	0.0403407966
0.3134973329	0.619362745	0.0518342553	0.0909706369	0.0816326531	0.4867986228	0.3422539904	0.4783058548	0.0135610706
0.2382720662	0.6571355666	0.0745082107	0.0783057734	0.1847826087	0.6151545496	0.4032699333	0.5170692703	0.1527672973
0.3003121352	0.7084232174	0.0552813914	0.0815145668	0.1648351648	0.5130917818	0.2921782588	0.3644314869	0.1451627362
0.2849070783	0.7114944587	0.0447454932	0.088390908	0.170212766	0.6030607363	0.3864757122	0.438976	0.2129244925
0.5023382867	0.7774930226	0.0565246288	0.0814672502	0.2857142857	0.1871733055	0.3519532128	0.5269116978	0.201156981
0.5874639229	0.7911435396	0.1824321804	0.1482155328	0.3454545455	0.3447710628	0.1976089395	0.6164337382	6.149229779180774E-4
0.4746416116	0.7140458761	0.0550777646	0.0979114493	0.2045454545	0.790396033	0.238450746	0.3451987113	0.0644247316
0.3837781796	0.7133376302	0.0929055303	0.1131819667	0.0666666667	0.6473987614	0.3427663344	0.3797203657	0.004493222
0.2664754041	0.7037279474	0.5310806439	0.0895556001	0.3037974684	0.3039503934	0.4571931899	0.512	0.0030875776
0.2769564141	0.7570187572	0.2623869802	0.0648074398	0.7586206897	5.209581849439278E-4	0.7337388893	0.89295331	0.0010271109
0.2829266006	0.6745925648	0.1013260053	0.0691049388	0.1071428571	0.7543981267	0.4741032203	0.4734791624	0.154003363
0.282263011	0.6556579515	0.0479420662	0.0855084193	0.1944444444	0.5510221357	0.4657435477	0.5055190648	5.970619792515558E-4
0.3874895894	0.9281095756	0.485795378	0.2474201385	0.7142857143	0	1	0.8502697186	0.0463643147
0.8820236917	0.8745390362	0.4215812563	0.2434909176	0.275862069	2.455048015431589E-4	0.8201843542	0.3846731781	6.822495499216327E-5
0.6551704323	0.9279125027	0.3477616521	0.3671488182	0.4444444444	0	1	0.6575162324	0.0685280792
0.3527175646	0.7754974978	0.0736489718	0.1173673232	0.34375	0.4197002331	0.4697950179	0.5340448827	0.0546756566
0.3981781254	0.7245554785	0.1118004823	0.1108194013	0.25	0.5416567754	0.3719329239	0.669921875	0.0881576946
0.357368055	0.7133339213	0.1661021876	0.1195885218	0.3492063492	0.5993782723	0.4484713659	0.572177032	0.0868542088
0.7821787225	0.8236959701	0.1023863553	0.1178549983	0.3928571429	0.4931162767	0.5713221537	0.6232005932	0.0264134082
0.384829294	0.7634420942	0.0831136763	0.0987935523	0.3692307692	0.4287134873	0.5101038081	0.6240300526	0.0036521977
0.4530524142	0.7631001804	0.0526014878	0.1216385203	0.2631578947	0.7992061141	0.2881452143	0.4793293334	0.0077688251
0.4452902955	0.8122202012	0.0730721473	0.1311159321	0.275862069	0.5315057855	0.5820200627	0.585818834	0.1157654697
0.1621753541	0.8658489556	0.0854448096	0.1282128286	0.2727272727	0.4603667321	0.3468262899	0.5477084899	0.0311092216
0.8255312186	0.9186702179	0.0346533229	0.2444806217	0.2105263158	0.2195999705	0.2921739636	0.4506296296	0.132933636
0.7039369979	0.7913511942	0.0430062754	0.1513433847	0.3333333333	0.1662152653	0.4290340475	0.6108467596	2.860362758895251E-5
0.2099569397	0.6848921332	0.0644439874	0.0905031915	0.2295081967	0.2737455123	0.3530375237	0.512	4.674984330072786E-4
0.3954310361	0.8253983574	0.062612355	0.1236350471	0.3035714286	0.425990053	0.4093328703	0.4705075446	0.0018581541
0.4680631234	0.7831579926	0.5313439319	0.1552701353	0.24	0.3315213072	0.4120525622	0.465484375	0.0178886819
0.4230447171	0.8795431002	0.2230336147	0.1954040256	0.6666666667	1.8196303783596645E-4	0.6886383747	0.8502697186	6.308938872219456E-4
0.57338774	0.7777506575	0.1366120219	0.1570540921	0.1458333333	0.6800619052	0.2560400489	0.4444707683	0.0939789434
0.2221918714	0.8687622121	0.0393636573	0.1505226913	0.4545454545	0.1669636836	0.4289063483	0.6164337382	0.017185966
0.5497631625	0.8489546572	0.3499977101	0.1682837568	0.2444444444	0.5272449141	0.4967993892	0.5971715994	0.0307825394
0	0.2136811421	0	0.981818216	0	0	1	1	0.0453264963
0	0.9973721798	0.243094625	0.9759278006	0.125	0	1	0.216	0.0064773565
0	0.9970538676	0.1614080193	0.9769091249	0.1666666667	0	1	1	0.0470627908
0.1150836663	0.8651120917	0.4778484168	0.0942596622	0.8490566038	5.207094705029936E-4	0.819688923	0.884736	0.1314192245
0.0819088474	0.7778839204	0.4215342044	0.0716794542	0.8793103448	4.940714691238358E-4	0.8714718483	0.8948279489	0.0804664855
0.1272601814	0.7854892662	0.4062293501	0.0727606131	0.8269230769	1.2260643892042508E-4	0.7646884647	0.8824809391	0.0583497147
0.1132088961	0.7938473438	0.4845548078	0.0628363658	0.8269230769	1.2447624229448457E-4	0.7797368554	0.8824809391	0.114265234
0.4023412201	0.7315023212	0.4322709075	0.05806025	0.85	8.157788638871493E-5	0.5725231545	0.8983870881	0.004499237
0.140458668	0.7580160557	0.5247577376	0.0726611816	0.7954545455	3.317282360009984E-4	0.6218370813	0.8606810696	0.0546875577
0.3654548881	0.8618751423	0.4884166193	0.1129133635	0.8181818182	5.02132567917767E-4	0.8320435224	0.8606810696	0.0462114293
0.1060904939	0.8305966319	0.430087396	0.0687553213	0.8163265306	1.5464412287285044E-4	0.7609889477	0.8751541054	0.0257231316
0.1969106152	0.9361088115	0.4647134601	0.2945520102	0.652173913	6.539396050691608E-5	0.850747632	0.729	0.0116758084
0.5129682614	0.8985236098	0.4864560928	0.2710458517	0.5909090909	4.2101804817754816E-4	0.7250274328	0.7162851728	0.1601909634
0.2526018038	0.8960273121	0.3766654628	0.100145458	0.7906976744	6.484595543503939E-4	0.8669485614	0.857375	7.170002311551972E-4
0.0770229208	0.8306294622	0.4719798379	0.1129773746	0.75	1.524320940482335E-4	0.665258031	0.8289784901	0.0243211878
0.4543437902	0.9466336229	0.3016478279	0.2385838467	0.71875	8.415022553741253E-4	0.7872023089	0.8070441593	0.0010947131
0	0.2136811421	0	0.981818216	0	0	1	1	0.1772761984
0.3193481664	0.8579799033	0.4939843961	0.0932778978	0.71875	0.0011845148	0.7921558065	0.8070441593	0.0283372717
0.0929472215	0.890721151	0.4511870434	0.1580727328	0.7272727273	3.5510125572255194E-4	0.7324937893	0.813037037	0.0442044584
0.1400562357	0.8335793431	0.4953176278	0.0972198361	0.71875	3.3482708272530544E-4	0.7456164805	0.8070441593	0.0543242208
0.398395448	0.8585601701	0.5043380127	0.1925265162	0.5	0	1	0.650962963	0.0165353122
0	0.2136811421	0	0.981818216	0	0	1	1	0.0151318322
0	0.9973721798	0.1254681935	0.9759278006	0.125	0	1	0.216	0.0478144774
0	0.9970538676	0.0781006545	0.9769091249	0.1666666667	0	1	1	0.0105748443
0.1112992927	0.7547288806	0.2429169606	0.0726611816	0.7954545455	3.984626894733715E-4	0.8372242967	0.8606810696	0.1336084343
0.3022309238	0.8007497981	0.1962768995	0.072654548	0.7954545455	4.8498771115312265E-5	0.756781034	0.8606810696	0.1252199802
0.1206125102	0.7398091415	0.1782187669	0.0540356926	0.8043478261	0	1	0.8668544908	0.0960427658
0.2981613928	0.8132071247	0.2222509071	0.0707999184	0.7954545455	4.3084368425088494E-4	0.7710521926	0.8606810696	0.0829498472
0.5077935249	0.7723278334	0.1719598731	0.0697367447	0.8235294118	1.5503788224802847E-4	0.7498643241	0.8801359954	0.001367292
0.072990836	0.8446593318	0.2141431728	0.0905191669	0.7857142857	5.55885236949153E-4	0.8241692836	0.8539085285	0.0467886214
0.092515297	0.6852208956	0.241131579	0.0471272744	0.7906976744	0	1	0.857375	0.0454033652
0.2297995037	0.8633328355	0.2240210417	0.0824785741	0.8	2.7961542539195846E-4	0.6292406571	0.8464454228	0.0625899698
0	0.7429217315	0.2374416589	0.0962632581	0.5909090909	4.1393506623389455E-4	0.8007227372	0.7162851728	0.0049803267
0	0.9697102274	0.1335886691	0.4909444522	0.75	7.150851047209232E-5	0.7741410661	1	0.0757960064
0.2680749456	0.8335837364	0.2242830891	0.0913090941	0.775	8.617825537474073E-4	0.8495431729	0.8464454228	3.9494770273558813E-4
0.3227771838	0.8478316644	0.2289343662	0.1238492755	0.7333333333	0.0012836535	0.8186954337	0.793832241	3.759152952004345E-4
0.2953820489	0.8557786685	0.1374357042	0.1266697709	0.71875	8.894079466968288E-4	0.7908904898	0.8070441593	0.0118607122
0	0.2136811421	0	0.981818216	0	0	1	1	0.4394819683
0.186602016	0.8781755437	0.2120434561	0.1140431624	0.6538461538	5.107688670910467E-4	0.6636276234	0.7611572286	0.01689251
0.3100854417	0.8809057534	0.1789610366	0.1433589085	0.6896551724	5.116527661250429E-4	0.8110018794	0.7865270824	0.077527307
0.3035416138	0.9072343582	0.234447514	0.1335272774	0.724137931	2.1272438782328617E-4	0.6392178028	0.7865270824	0.043875591
0	0.9225970068	0.0980673946	0.1925265162	0.5714285714	0	1	0.7023319616	0.1110306036
0	0.2136811421	0	0.981818216	0	0	1	1	0.1246214942
0	0.4132246886	0.5215111557	0.1267496516	0.5333333333	0	1	0.7865270824	0.0080865601
0.0524859864	0.9618114654	0.2467729134	0.2435087322	0.21875	0	1	0.2773896606	3.6259824012125567E-4
0	0.9810329216	0.318722892	0.3230719051	0.4285714286	0	1	0.5477084899	0.065266169
0.0402716667	0.7092221309	0.0930007482	0.1218918517	0.3913043478	0.5660799756	0.4762726769	0.512	0.1389639795
0.0354447046	0.7222443674	0.0778576015	0.1216583308	0.4711538462	0.5744117936	0.4569082058	0.5435222011	0.0636736688
0.0355049436	0.7686602035	0.0841499815	0.1227429851	0.3939393939	0.5915921304	0.4423505909	0.6038612866	0.0411304534
0	0.7326366231	0.2042043117	0.1224717382	0.4059405941	0.5830846706	0.3948868941	0.5868162552	0.0098837198
0	0.7147864736	0.1124578205	0.1245981087	0.47	0.6041615167	0.4834252397	0.6038612866	0.0197488241
0.3539874178	0.7600913306	0.1051119773	0.1236389455	0.5058823529	0.7785378891	0.220352096	0.5787037037	0.0291540092
0.0538933056	0.7012204381	0.1700128924	0.1206837915	0.5161290323	0.5178460719	0.4182865601	0.772728679	0.014370901
0	0.7121155532	0.1820324313	0.120779604	0.4845360825	0.6068238971	0.3555424552	0.6598396092	0.051266959
0	0.8644359453	0.2843607215	0.1455245382	0.2909090909	0.1888445643	0.5270092578	0.512	0.0466062595
0	0.6158899481	0.2284049034	0.1914570696	0.25	0.1515977963	0.6029837143	0.6220890585	0.0032769365
0.0446240187	0.7168704236	0.0588471518	0.1216583308	0.4333333333	0.6469307829	0.4276868298	0.5696142842	0.0032825614
0	0.7178254391	0.2086988464	0.1256727316	0.3472222222	0.5564817318	0.2481444461	0.5728385083	0.0019291106
0	0.5141280236	0.3413849566	0.1256765668	0.4166666667	0.4348205515	0.3686178709	0.5787037037	0.0015686567
0	0.4132246886	0.2330169995	0.1267496516	0.5333333333	0	1	0.7865270824	0.1329371338
0.5739706513	0.8541391564	0.2156080111	0.1211620963	0.527027027	0.6328861432	0.3199513565	0.5953960655	0.0845420424
0	0.7071208346	0.2017733254	0.1246135809	0.2615384615	0.3660967297	0.57796672	0.4551661356	0.0027700419
0.082225972	0.6313875669	0.1943788585	0.1275079118	0.3606557377	0.5065001861	0.4536755798	0.5993697748	0.0608945079
0.0985348607	0.7875018596	0.2952596236	0.2433265659	0.1621621622	0.2671111858	0.2597840961	0.421875	0.0313735677
0	0.4272734363	0.507154646	0.1286219336	0.5333333333	0	1	0.7865270824	0.0191712628
0.088912403	0.94983424	0.2486820079	0.2513454633	0.5714285714	0	1	0.7702546296	0.0685686379
0.271254252	0.7664083679	0.5625973994	0.0559722501	0.7857142857	0	1	0.8539085285	0.0751786865
0.1992503541	0.8559294987	0.3106686577	0.1364868582	0.6486486486	0.0010429333	0.8522112194	0.7143716782	2.5053342441280177E-4
0.1832309678	0.7796029265	0.4909758601	0.1061090697	0.6296296296	5.347844681665985E-4	0.8396261616	0.6638317136	0.5803284516
0.1284742336	0.7210298303	0.0765594276	0.1000154271	0.0636363636	0.7447179815	0.3382938116	0.2962962963	0.2930548173
0.2665570171	0.6920161691	0.0383436235	0.0969964845	0.0446428571	0.6939875773	0.3830835488	0.2645787585	0.2012467812
0.1123779077	0.614724549	0.0440076836	0.0889616161	0.1061946903	0.6295412864	0.5176410872	0.4078136769	0.2066800251
0.0984680833	0.6168367677	0.0563827871	0.0828982558	0.0782608696	0.6565556742	0.4267210337	0.3497253005	3.6381784665967065E-5
0.0707913463	0.5473714005	0.067722357	0.0873376834	0.0254237288	0.6586807525	0.4681771752	0.3013755517	0.0023854166
0.267622417	0.6613172033	0.0541768215	0.0778675317	0.0183486239	0.8710198253	0.1878887191	0.3412319623	0.1857049941
0.3731898924	0.6522074102	0.0428013781	0.0909706369	0.0384615385	0.7730738835	0.2862707631	0.3374479504	0.14045826
0.1390623338	0.5035690053	0.035286901	0.0693208161	0.1327433628	0.6154019526	0.5123212269	0.3846731781	0.1798199257
0.8078665676	0.8365705719	0.0506897695	0.1302603059	0.1267605634	0.7311476388	0.3518562662	0.4142509391	0.0750915475
0.8530894618	0.8508558417	0.1623907387	0.164553436	0.2592592593	0.7139561534	0.3417105669	0.4519979373	7.891147617004257E-6
0.1841045403	0.6772589279	0.0466454541	0.0855084193	0.1171171171	0.6209438374	0.3876502868	0.3465119183	5.7326202938702314E-5
0.4174306943	0.7283337864	0.0522604768	0.0854238272	0.0322580645	0.6970014909	0.2898707804	0.322425656	5.675010908536165E-4
0.1043480572	0.5827261742	0.5104236083	0.0881943864	0.3222222222	0.4996648142	0.3783760606	0.4705075446	2.3767591042900876E-4
0.219989735	0.7591336171	0.2583117498	0.0512053734	0.7941176471	0	1	0.9091491699	0.033581269
0.6059685838	0.7813634266	0.029040247	0.0793391742	0.0744680851	0.8512500721	0.2099207781	0.2962962963	0.4695362084
0.4121950538	0.7242377035	0.0938113257	0.1103355761	0.2631578947	0.6492259602	0.4796259419	0.4936432144	0.070307401
0.2245066392	0.7098450075	0.0649763227	0.08703363	0.1157894737	0.7506543868	0.3758261653	0.4444707683	0.0879523854
0.523005616	0.7738183152	0.1104742494	0.1453886811	0.3035714286	0.6959750744	0.335537956	0.512	0.0161276657
0.1773038986	0.8417920319	0.5290797929	0.0785699989	0.8333333333	1.420129733658702E-4	0.8228561318	0.8539085285	0.0040604429
0.6718547129	0.9379118937	0.2029939309	0.1708391909	0.7714285714	7.263509052474275E-4	0.7727870419	0.8239746094	0.0220110342
0.2995138523	0.7380334238	0.1186891069	0.1227429851	0.4567901235	0.6952384674	0.4192674511	0.558518217	0.0456405642
0.2228079307	0.7461813675	0.5616575226	0.0491301678	0.7843137255	7.258731505846923E-4	0.78785849	0.8801359954	0.1062915178
0.036476266	0.7978271096	0.2617141454	0.1169394544	0.6543209877	7.737125918777309E-4	0.8531435028	0.7390319703	0.0015431034
0.1591632956	0.82321365	0.5080115599	0.0952566085	0.703125	0.0022337697	0.9001057049	0.8100876915	0.5772596452
0.0542444181	0.6453876438	0.032579464	0.1014318485	0.0347826087	0.6742659005	0.3915283521	0.322894525	0.306621285
0.0214912118	0.6663283135	0.0470490438	0.0976699418	0.0762711864	0.6010048678	0.41857914	0.496166088	0.1534520581
0.1327751151	0.6470644019	0.0605634057	0.0988325741	0.0789473684	0.6347230582	0.4913683639	0.334425402	0.1951614391
0.0922680018	0.6571527185	0.0495909846	0.0891510403	0.0630630631	0.7025051904	0.3316509835	0.2962962963	0.0014991587
0.0309157976	0.5684237937	0.0320008153	0.0963983504	0.075	0.6702361463	0.4550820187	0.3815114966	7.396872580873293E-5
0.2080973177	0.7306041048	0.0447180906	0.0925308326	0.1090909091	0.8245490406	0.2369987963	0.3465119183	0.22314757
0.1489675968	0.7515204855	0.0470764391	0.1109975781	0.017699115	0.6713398487	0.3063722265	0.3124544461	0.0829099954
0.1092954723	0.6355740679	0.0412743157	0.0897545113	0.1061946903	0.6861453788	0.4095031468	0.4266329441	0.1377150455
0.7481863741	0.7944638082	0.0451085144	0.107036199	0.1842105263	0.8061066947	0.3242705413	0.5953960655	0.0452065423
0.4665769685	0.8097899075	0.0447343215	0.135995114	0.3731343284	0.340815647	0.405718164	0.5542547376	0.0063261601
0.1837734924	0.6894844664	0.0369466375	0.0910130129	0.0550458716	0.6782694851	0.3186977427	0.3185095979	0.013061829
0.5590294534	0.7502163296	0.0721422612	0.1024954266	0.0666666667	0.7069943287	0.3330318395	0.380507079	0.0069797645
0.0526987276	0.6381487699	0.5771178273	0.090588361	0.2631578947	0.432148016	0.5353470046	0.5022168277	5.519516961772859E-4
0.5978277259	0.687134969	0.2483853201	0.0530545348	0.8372093023	0	1	0.9285994109	0.0129021444
0.4271354516	0.7649091808	0.0607036033	0.0731108546	0.0776699029	0.6128612094	0.5188528024	0.2562113794	0.418019037
0.2485725459	0.7287449407	0.0654954071	0.1104927245	0.1847826087	0.5817374121	0.4452215662	0.4570138985	0.0210523103
0.2693037033	0.6202628424	0.0605118863	0.0808496153	0.1875	0.6389979973	0.3865506832	0.4731311866	0.1264444788
0.5520719098	0.8417480478	0.0451948094	0.1368994032	0.3770491803	0.3991363749	0.5505950636	0.5993697748	0.0026598022
0.10810314	0.7109046051	0.5198309747	0.0697367447	0.84	4.7840566081504537E-4	0.8380403157	0.8776956936	0.0092322523
0.3444548244	0.8036363568	0.3024230586	0.0834545484	0.8205128205	5.327203585999173E-4	0.8185360701	0.9210905573	0.0305197017
0.0491045271	0.7826575485	0.1226742525	0.1212257277	0.3655913978	0.6182419251	0.3465484796	0.5524031086	0.0242184454
0.5558371714	0.7475277888	0.1384025826	0.075701941	0.0410958904	0.5157529036	0.5653740626	0.2962962963	0.9026334906
0.0682599408	0.9297638285	0.5322691678	0.0893454577	0.7857142857	0	1	0.8539085285	0.0149541726
0.2084935586	0.9526590493	0.3388171855	0.1384676995	0.6710526316	0	1	0.7611572286	0.0026696435
0.1960174517	0.9652562043	0.4127402033	0.1433589085	0.6769230769	1.7876167114803124E-4	0.6456870167	0.7206527533	0.0116806927
0.1096972262	0.6118619248	0.0951389258	0.0997016941	0.0727272727	0.6647836901	0.4593884078	0.3644314869	6.66133862405405E-4
0.1757755795	0.5733416126	0.0570454766	0.0929206785	0.0636363636	0.7826726716	0.4382543766	0.4909615912	0.0090973932
0.0827080389	0.5212185023	0.0455948303	0.0945506745	0.0619469027	0.7476418056	0.4657017562	0.3291896124	0.0011416172
0.0724246034	0.6420757079	0.057199491	0.0952819043	0.0982142857	0.6433517606	0.5051412397	0.3568569434	0.0092974312
0.0497865058	0.58602445	0.0459793939	0.1002657067	0.0825688073	0.7675862982	0.4624625534	0.2851863646	0.006609141
0.1081170334	0.5982049894	0.0397977173	0.0891510403	0.0666666667	0.8154264165	0.2655046143	0.3917528765	4.687196540291669E-5
0.1122957312	0.6822303042	0.0455679434	0.0929206785	0.1214953271	0.5222034358	0.2598318876	0.4268577244	0.0010742705
0.3053612683	0.7107165642	0.1081048717	0.0935410527	0.0909090909	0.8047795203	0.2720669287	0.4820579569	0.0075134213
0.7159832745	0.8948217668	0.1491950932	0.0956353438	0.0833333333	0.2637633955	0.4753878221	0.4988724425	0.0192199478
0.1600341792	0.7969926503	0.058360471	0.1678937857	0.2295081967	0.2360898771	0.4064056663	0.512	2.618316214258553E-5
0.2272250331	0.6911779893	0.0591257242	0.1054620849	0.1165048544	0.5990215317	0.3846720517	0.3079908791	0.0216286918
0.3941104089	0.819147025	0.0486504313	0.1133351684	0.0681818182	0.5704450981	0.3783435656	0.3385647105	6.55790531471217E-4
0.1319668126	0.6868998012	0.471686919	0.1155045601	0.2380952381	0.4741142896	0.3007477578	0.5291287146	0.0022094276
0	0.937667832	0.2281839684	0.0883690938	0.775	0	1	0.8464454228	1.5898618650722382E-4
0.3261411608	0.7236459225	0.0824884898	0.0758291712	0.1157894737	0.7164705974	0.3144110882	0.3885850789	0.0033621431
0.2299804429	0.7945078656	0.0727348215	0.1252616901	0.1518987342	0.5317565874	0.5450034655	0.4422848504	0.0044937505
0.3888093183	0.7782476076	0.0509318878	0.1112231479	0.1573033708	0.8523019083	0.3255466744	0.380507079	0.0042514342
0.4871837401	0.8630930776	0.0992539665	0.1051233456	0.3050847458	0.4056122302	0.2760716031	0.5439910241	0.0689813337
0	0.9142593313	0.5294025884	0.0815441257	0.8043478261	0	1	0.8668544908	0.0021930912
0.2276752413	0.9366054276	0.1297930416	0.1148895133	0.7428571429	0	1	0.8239746094	2.5071688318316083E-4
0.0451887492	0.7010290976	0.0744374812	0.1231193779	0.3625	0.519580451	0.4750400232	0.4830259445	0.0043782283
0.2600726966	0.5476650557	0.0599390698	0.0926557617	0.1413043478	0.7505342445	0.2862509401	0.445749207	0.0171638412
0.3183534026	0.769764077	0.0639321769	0.1114439363	0.0625	0.6572152477	0.4105833719	0.421875	0.0145788704
0.5814405862	0.9200641421	0.5594534844	0.1472760051	0.7352941176	9.808531353553396E-4	0.8392016766	0.8186700681	0.0088388335
0.8290575276	0.9190698157	0.4228040022	0.2407457506	0.4716981132	0.0021431338	0.8578844389	0.5477084899	0.0308482667
0.7266482992	0.9312727891	0.4022181786	0.1934406146	0.568627451	0.0013538765	0.8394967195	0.6441585274	0.0023887989
0.3685325407	0.6575389344	0.063078516	0.0795272755	0.0943396226	0.2693987138	0.4608061523	0.4681392225	2.4945580148230845E-6
0.2782757471	0.7068884967	0.0794763202	0.0900119032	0.067961165	0.2834302019	0.463290492	0.4535029236	1.1165392759367881E-4
0.5896327608	0.6959345768	0.0964115804	0.0925308326	0.0495049505	0.5052686632	0.357996853	0.3902480655	0.028901924
0.7453921652	0.7797565557	0.0710856413	0.1052516455	0.0288461538	0.737735278	0.3266326178	0.3137211517	0.0025846527
0.3723902343	0.6543647727	0.033139582	0.0816740577	0.0754716981	0.4680512907	0.4595292403	0.4373079486	8.626252417883224E-4
0.4949830342	0.8023867322	0.0484141876	0.094356766	0.0606060606	0.3662650985	0.1882975618	0.333293037	0.0043463092
0.7587264609	0.8414467824	0.0497736533	0.1358887487	0.0215053763	0.4403628919	0.3219404941	0.3581302187	0.020224291
0.305026777	0.6904303376	0.044230873	0.071477445	0.1142857143	0.2961417351	0.3359678459	0.3917528765	4.8725720959208983E-4
0.7843462809	0.899977841	0.0647446713	0.138857006	0.0923076923	0.3150336839	0.2863339883	0.3249511719	0.0217948343
0.0712229132	0.7799858167	0.0458123995	0.1309062318	0.1666666667	0.2499817696	0.367355691	0.4129624457	4.157059379723658E-4
0.6262316129	0.8269360606	0.0397585565	0.1058953645	0.0412371134	0.4066380401	0.2275554922	0.3409902395	0.0017225264
0.4433736702	0.7600725046	0.0555130033	0.094295449	0.0843373494	0.4426576812	0.2689948257	0.4487953186	0.0068949696
0.3663297586	0.7034168086	0.3794153112	0.0833216082	0.2345679012	0.303603364	0.4449195487	0.5531764213	0.0045986679
0.235753699	0.8258512967	0.2273010418	0.0943363314	0.78125	8.991755501843131E-4	0.859089161	0.9032962963	0.1187906859
0.430665823	0.7735445432	0.0540706167	0.0823440583	0.064516129	0.5604734054	0.2370549923	0.3767146776	0.0207223399
0.1265252733	0.813029151	0.078314387	0.0980442707	0.1558441558	0.242209931	0.5923386145	0.4288288447	0.0096257448
0.49822758	0.79716955	0.0674198296	0.0929206785	0.1084337349	0.5552176031	0.4329963121	0.467504314	0.0016413727
0.8819321972	0.8860520478	0.0864790457	0.1904828555	0.3636363636	0.2641442549	0.2635698694	0.5227409122	0.0308723929
0.5995248091	0.9296411693	0.4589818298	0.1521849906	0.7428571429	0.0012993068	0.8636895463	0.8239746094	0.0012449651
0.5025228624	0.8802929186	0.1710659061	0.1218443922	0.6538461538	8.794625533710613E-4	0.8598505396	0.7611572286	0.0776734755
0.8621868972	0.8276579062	0.2204981388	0.128633175	0.3731343284	0.732325177	0.3082779319	0.512	0.0512863854
0.9958931112	0.7297473973	0.0463966793	0.0826420369	0.0602409639	0.7305123924	0.2928156738	0.371307373	0.001329111
0.5906710787	0.7064763073	0.0475272785	0.0813488385	0.06	0.4450123447	0.233705908	0.3587075375	0.0038011449
0.790608669	0.7160334996	0.0878463573	0.0744435782	0.1686746988	0.7259550346	0.3833529433	0.5235484418	0.3734329661
0.280498712	0.7226909877	0.5430207313	0.0549905856	0.8235294118	4.2422062382736005E-4	0.7913210164	0.8801359954	0.1108451146
0.033219233	0.7303317305	0.2823409748	0.1217810841	0.7073170732	7.070458340254073E-4	0.8439446654	0.8153315899	3.624766978461331E-4
0.2052220578	0.8410561867	0.3486731741	0.1080401616	0.6615384615	0.0010509884	0.858081819	0.7206527533	0.6677219447
0.0796689295	0.6815899453	0.0279618967	0.1110800509	0.125	0.5930336179	0.4250115367	0.4909615912	0.3087658888
0.188716516	0.7315832967	0.0332675269	0.1076110388	0.0789473684	0.4999453928	0.4850148088	0.4551661356	0.1849972419
0.0262486325	0.6723425631	0.032417868	0.1048340969	0.0683760684	0.6216898975	0.4710555516	0.322894525	0.2243783702
0.0456541714	0.6489440643	0.059543561	0.0915989566	0.0683760684	0.6273323106	0.4499875483	0.3330745797	5.5625819363513985E-5
0.0459444517	0.5269486392	0.0362783096	0.0893670335	0.05	0.6325499427	0.476474994	0.3862432707	0.0106871822
0.2159615373	0.7171078095	0.0305325609	0.0968224104	0.1111111111	0.8126897766	0.2759509637	0.3538689224	0.2899964805
0.2679700617	0.7359371952	0.0392258226	0.1105668558	0.0582524272	0.676559522	0.3423917226	0.3261034799	0.1160538829
0.1019153097	0.6709374146	0.0602130117	0.0913090941	0.0789473684	0.674510533	0.4397711461	0.4313196159	0.1816650931
0.8399028658	0.8430933128	0.0812729319	0.1207676316	0.1527777778	0.6412390497	0.4194320652	0.3924528517	0.0451249738
0.4376748846	0.670206616	0.0573648678	0.0995468777	0.2686567164	0.3518310811	0.4347770902	0.5542547376	0.0053046192
0.068645191	0.6328722363	0.0331178423	0.0922909123	0.0701754386	0.5488429145	0.3809593383	0.3177073071	0.0043831075
0.140237545	0.666474257	0.0339667634	0.0958417531	0.0404040404	0.5730144587	0.4661646336	0.3273522792	0.0199581764
0	0.64716401	0.5223932262	0.0951350947	0.25	0.3992681768	0.5107169545	0.4783058548	0.0015907387
0.0651095325	0.6753469638	0.2131141908	0.0510922955	0.8409090909	1.464120560011961E-4	0.7354286955	0.9302586114	0.0351956493
0.4658516062	0.752379037	0.045864012	0.0873873369	0.0693069307	0.7710841472	0.3024272589	0.3700669263	0.4718301845
0.2480094088	0.6628332722	0.0598050089	0.1021279738	0.2413793103	0.6299726752	0.4399463049	0.4531900191	0.0045895404
0.2783938214	0.7454923108	0.0344995682	0.088782646	0.1546391753	0.6533190482	0.4000480601	0.421875	0.1714188887
0.3812971738	0.7067991981	0.0867779396	0.10055851	0.3064516129	0.6452894735	0.3808603715	0.558518217	0.0214552091
0.1154392373	0.766014767	0.470693679	0.0600195361	0.8421052632	6.32143000676954E-5	0.6133339564	0.89295331	0.0216563718
0.1571144123	0.6965804099	0.16732399	0.0559636383	0.8510638298	1.9725115456513954E-4	0.7281819142	0.9348038409	0.0138965122
0.0470427242	0.7162627431	0.1112412178	0.1207636406	0.4	0.6279389124	0.3973212539	0.5316901908	0.0471575162
0.3724578411	0.7343932194	0.1099865067	0.0735250093	0.0694444444	0.563998597	0.6228347199	0.4293196827	0.9219379788
0.3955458019	0.7343511406	0.0483406458	0.0715111529	0.0714285714	0.441926854	0.6434269072	0.3767146776	0.955271658
0.0759209328	0.6429790591	0.1133534023	0.1013510358	0.1428571429	0.6641646484	0.429165968	0.4116687947	0.0237472012
0.3062233471	0.6541532483	0.0471281517	0.0794848399	0.0306122449	0.3183425009	0.364732702	0.3024263721	0.0020309402
0.1590128255	0.845438168	0.5566949959	0.0608727294	0.8292682927	2.1870196616330666E-4	0.685005961	0.9250324517	0.0283475258
0.2981726109	0.8378053572	0.1893580437	0.114876927	0.6794871795	0.0016148622	0.894377151	0.7672996918	0.0011710014
0.0712737555	0.9202528939	0.4269479481	0.136472732	0.625	3.628339980178274E-4	0.8175063904	0.9032962963	0.8899630026
0.2316701161	0.7495311389	0.0458036013	0.0979114493	0.1047619048	0.6044371058	0.4493392504	0.3864568221	0.412317253
0.4394905975	0.754687474	0.0498402449	0.1080401616	0.1188118812	0.6117673104	0.3481671084	0.4484561786	0.2874465609
0.1437437851	0.702354469	0.0450227824	0.094784875	0.0796460177	0.7402527521	0.3324558935	0.4793293334	0.298150002
0.1250432719	0.6248520908	0.0436327195	0.0822210474	0.1071428571	0.5592540411	0.4656525968	0.4506296296	0.0036643908
0.4482614535	0.696298542	0.0365830968	0.0870723867	0.046728972	0.5685298176	0.4667116793	0.3917528765	0.0058633146
0.3698873401	0.7545227535	0.0441115903	0.086204534	0.0666666667	0.5683722239	0.3874908964	0.4422848504	0.2846441454
0.2862257074	0.5414625628	0.0384834129	0.0736429114	0.1028037383	0.6301487515	0.3989901212	0.4471809485	0.1700318622
0.275919221	0.6990208515	0.0383229593	0.087997426	0.0380952381	0.6381887065	0.3778923047	0.4116687947	0.3062798237
0.8869322434	0.795718299	0.0752705686	0.1021138146	0.1212121212	0.7347046398	0.383452487	0.540974445	0.1123935286
0.2865349959	0.7885386362	0.0523846521	0.129160416	0.3015873016	0.364134016	0.4602265292	0.4824690353	3.757157247210557E-4
0.2350256127	0.6821090333	0.0350558733	0.0907372152	0.0288461538	0.5892317126	0.4383590488	0.2788717037	2.812099339415966E-4
0.2980678098	0.759577778	0.0463377307	0.0928376488	0.0927835052	0.5712030872	0.4374703372	0.416274963	0.0123714384
0.0379569449	0.6867756586	0.4574715648	0.0981081576	0.1860465116	0.5371309598	0.3191172953	0.512	0.0219212448
0.0585802696	0.7546866441	0.2554762874	0.0520456271	0.8048780488	1.0762010478767572E-4	0.6021167216	0.8502697186	0.0447802966
0.8318650257	0.8246761765	0.0593897847	0.0825253108	0.0675675676	0.4790704033	0.219996288	0.3924528517	0.6285144931
0.421036905	0.7679548535	0.038394985	0.1057450581	0.1829268293	0.6101818599	0.3957111608	0.4487953186	0.0044633082
0.2975157651	0.7377027036	0.0505316188	0.077358304	0.1075268817	0.54708063	0.4008362777	0.322425656	0.1492828936
0.4287924604	0.8278868911	0.0791499599	0.1546075352	0.2830188679	0.6321313191	0.5139008784	0.5477084899	0.0807188361
0.3210281503	0.8724682534	0.4485694948	0.08747003	0.7804878049	7.315015273185682E-4	0.857196174	0.8502697186	0.0549235383
0.1790252685	0.8395093138	0.2542703673	0.0766069915	0.7894736842	3.12368465275529E-4	0.7375546096	0.838180758	0.0627489645
0.3510020577	0.8534128074	0.1741464449	0.1211620963	0.5308641975	0.6699415871	0.3588615269	0.6617521866	0.0867177394
0.2619535196	0.7417475631	0.0347127441	0.0693208161	0.0462962963	0.4762148718	0.5046638114	0.3484733018	0.5960513474
0.3213857434	0.7493867626	0.111080321	0.079841805	0.0792079208	0.4313545782	0.4332091453	0.3902480655	0.5544793397
0.154140628	0.7290325491	0.1510818035	0.0903486172	0.1132075472	0.5778060345	0.4673723212	0.3671376503	2.6618067962588853E-4
0.3396524972	0.7430776224	0.0453790973	0.0814968263	0.0707070707	0.3332484474	0.3143747634	0.4111498845	0.0074722391
0.3183011161	0.7929364985	0.0484629597	0.0884127167	0.0707070707	0.391532963	0.5065485264	0.3528936296	0.5768025741
0.0613377914	0.7309520166	0.5538994957	0.0600195361	0.8541666667	2.840040460443548E-4	0.7734154024	0.8725048011	0.059540345
0.192857667	0.8016778328	0.3317870176	0.1286519085	0.7073170732	8.074422341202598E-4	0.8663284589	0.8153315899	4.31742266774353E-4
0.0915841317	0.8538964062	0.4871597158	0.0932778978	0.5833333333	0.0012389148	0.8153218865	0.6220890585	0.8209570764
0	0.6672083603	0.044408598	0.0937726349	0.0438596491	0.618459214	0.4364928923	0.3177073071	0.3292391039
0.1133873422	0.7046284686	0.0350193404	0.1025847349	0.0727272727	0.5943811477	0.465506292	0.3185095979	0.2635627316
0	0.644721621	0.0345657497	0.0907743906	0.0608695652	0.5245792865	0.5992830453	0.3718518119	0.2529249247
0.0710766992	0.6157306588	0.0431060455	0.0921079456	0.1238938053	0.5976509486	0.3767236752	0.4170444174	0.0027123205
0.1349262729	0.5946638439	0.0676057102	0.0915410575	0.094017094	0.5715175154	0.4361262543	0.2511827151	0.0189481984
0.2863376443	0.6902468158	0.0301462651	0.0803532888	0.0642201835	0.6735771809	0.4180427059	0.4071597802	0.1822286167
0.2249806416	0.6551073147	0.0346394518	0.0847611121	0.0636363636	0.7467232653	0.2549286126	0.3829584413	0.1280577212
0.0257729755	0.6918220982	0.0436585132	0.0860702415	0.1130434783	0.6009365828	0.5221877585	0.4404845073	0.2071522874
0.8015195158	0.8820870864	0.0425261742	0.1256880716	0.1333333333	0.7459851193	0.3730624408	0.4872302087	0.0578058059
0.5766812498	0.7537753944	0.082675331	0.1385233817	0.3050847458	0.2815047254	0.4239725852	0.496166088	6.024276280940907E-4
0.07421178	0.6367600235	0.0371842104	0.0938651078	0.1181818182	0.6416907893	0.4655297849	0.3358791225	0.0063726834
0.2538052868	0.7165482958	0.0356723663	0.0945047847	0.13	0.6097193495	0.4354173942	0.3846731781	0.0010470534
0.1288859885	0.5733353986	0.5900971192	0.0912721365	0.1348314607	0.3635644414	0.5718251459	0.4705075446	0.0077622916
0.0324621582	0.7856931585	0.2369164163	0.063825736	0.8181818182	9.171682121466058E-5	0.6054310608	0.8606810696	0.0678475753
0.4823302618	0.7453773138	0.0474466728	0.083875093	0.0425531915	0.7737443916	0.277402871	0.2773896606	0.5055742245
0.2041209556	0.7223493091	0.0469450276	0.102490724	0.1777777778	0.4874146344	0.3347862328	0.445749207	0.0205597728
0.3585416523	0.6670222144	0.0385635086	0.0855140558	0.1489361702	0.7034045926	0.3891892827	0.3827004989	0.1453581801
0.3522722096	0.7469130595	0.0863000642	0.1270497051	0.3103448276	0.5105677635	0.5122919442	0.585818834	0.0492102262
0.1657605912	0.7735215638	0.4665758873	0.0736363662	0.8163265306	2.695248157246274E-4	0.8022886196	0.8751541054	0.0365849447
0.2795214692	0.7656746409	0.2414643376	0.0628670402	0.8372093023	5.758440029170542E-4	0.8306989333	0.857375	0.0773864806
0.2517055262	0.7234230186	0.1601378747	0.120779604	0.4523809524	0.6399903165	0.3920544332	0.5399212828	0.0915783062
0.3463056225	0.716641521	0.0451235477	0.083921052	0.0495049505	0.6525031871	0.425991816	0.320309083	0.593901016
0.211564308	0.7563197733	0.041559747	0.0905511092	0.0943396226	0.5996056155	0.4258325577	0.4168125543	0.6135818091
0.0300780044	0.6690615819	0.0889511299	0.0895825058	0.1052631579	0.557981058	0.4087525937	0.4836372407	0.0033622568
0.2293006415	0.7330587736	0.0393965749	0.0873873369	0.0761904762	0.3978548025	0.3548883107	0.4064421074	0.0049249039
0.2573122982	0.7797320487	0.0759126268	0.1022458909	0.0882352941	0.473622318	0.5373119296	0.4271047962	0.5935159305
0.7276136515	0.8204287321	0.054171	0.0883254494	0.1333333333	0.4259808017	0.3686641427	0.3721576949	0.8931615183
0.5980741379	0.9489376864	0.5587378802	0.2827653507	0.6111111111	9.754664716539202E-4	0.794478103	0.650962963	0.0058430902
0.2412078343	0.9337761969	0.3983848768	0.2435087322	0.2820512821	5.001517338596073E-4	0.7987003835	0.3943703704	0.0144268193
0.5701326059	0.9282395215	0.4224720015	0.3232926275	0.3928571429	7.463081674766698E-4	0.8744899544	0.5637379798	0.0643602407
0.6049438659	0.704764529	0.0549019608	0.0728003476	0.1282051282	0.6834440445	0.5024099337	0.4705075446	0.0606382329
0.5503645146	0.7302958678	0.0808578957	0.0756255001	0.1184210526	0.686427876	0.4674064758	0.4574083293	0.0982138235
0.7308423377	0.7642587827	0.1132784872	0.0812302541	0.0675675676	0.7439583305	0.4420005844	0.4365902661	0.0915024657
0.5375237248	0.7950698938	0.0378942248	0.0697090933	0.1875	0.6254938889	0.4959402626	0.4830259445	0.0017521246
0.2610126071	0.6940657446	0.0517126643	0.0668285804	0.125	0.3332961906	0.5719031501	0.4152139398	0.0264625828
0.6183109645	0.7869316386	0.0639884433	0.0764621469	0.1081081081	0.6337588402	0.3437229971	0.4436919062	0.0324178901
0.788292246	0.8160399098	0.0432506253	0.0831536852	0.1538461538	0.5770632643	0.2986537397	0.5340448827	0.0644434334
0.7339796837	0.8037985439	0.0654782443	0.0819156539	0.1739130435	0.7985468108	0.3716515734	0.52559222	0.083644574
0.9846618347	0.9156628136	0.0752676251	0.1657383598	0.1555555556	0.476473697	0.3203493999	0.4705075446	0.0228335046
0.9485257083	0.864289161	0.0822730236	0.1407702732	0.2368421053	0.7355356779	0.3705053253	0.757963566	0.0020637927
0.7342387269	0.8532803751	0.0288520513	0.1022270333	0.1014492754	0.6509464417	0.4635305706	0.4376936951	0.0210531926
0.3408040306	0.8217404616	0.0427547233	0.105749616	0.1166666667	0.3142548664	0.4825911514	0.3595939643	0.0125414682
0.3996189074	0.728816281	0.5498750165	0.0828982558	0.126984127	0.5443668376	0.3349762338	0.355396412	2.0536479576249548E-4
0.7143125572	0.9259352427	0.2303077342	0.2258203241	0.5263157895	6.018920861709675E-4	0.7910148763	0.669921875	1.9948391414881622E-4
0.4234011702	0.7590686839	0.0748239059	0.0687342877	0.15	0.4180545107	0.3660035241	0.551368	0.0748758288
0.434969787	0.8442897937	0.0554863199	0.0907743906	0.2203389831	0.2580649073	0.5674573525	0.496166088	0.00485622
0.9210109075	0.8003012026	0.0574508254	0.0926505597	0.24	0.8860609287	0.3249562684	0.6370885582	2.838225178618646E-4
0.5298209572	0.9132427287	0.0379925948	0.1658139531	0.2631578947	0.2535046306	0.2010963726	0.6006774902	0.0574806252
0.6284508614	0.9435062413	0.5181649936	0.2513473809	0.6315789474	8.217570233081517E-4	0.6597258811	0.669921875	0.0031508317
0.8950205695	0.9761749636	0.2318945901	0.5095646	0.5555555556	2.8217400740501226E-4	0.7596696599	0.650962963	0.0010844924
0.1496222596	0.860135137	0.2527023321	0.1527666236	0.2045454545	0.2786660647	0.3730665129	0.3385647105	0.0083597168
0.4824415499	0.7628459228	0.0725199222	0.0673744807	0.2028985507	0.4897027444	0.3418862162	0.485058309	0.0881727832
0.2016271419	0.6769514827	0.046134332	0.0632111007	0.1375	0.4235999669	0.4487922036	0.4152139398	0.0591013785
0.8284008011	0.8215837387	0.1663097629	0.0834603236	0.1384615385	0.7442569814	0.3295536784	0.540974445	3.7196497717532006E-4
1.1858128058	0.8935746455	0.0869585923	0.1129475073	0.1111111111	0.4494935812	0.2029399102	0.3917528765	0.0078598515
0.338775684	0.6072903794	0.0466279219	0.0729260309	0.125	0.497170187	0.4184254089	0.5446712963	0.088975248
0.4286564806	0.755521375	0.0368345238	0.0737671591	0.1176470588	0.3509241773	0.3578071205	0.4705075446	0.0572981709
0.2824719266	0.7079078636	0.0745297773	0.0728995893	0.1944444444	0.3266367976	0.6265810253	0.5055190648	0.0522264321
0	0.7795140174	0.5034717958	0.0826187049	0.86	3.6771037376252016E-4	0.7728554518	0.9387930411	0.0660023411
0.1914002965	0.7809905647	0.3167492464	0.1374580567	0.6785714286	0.0010822068	0.8807696113	0.7483529851	7.847089368855483E-4
0.2386566941	0.7792046735	0.321760807	0.1325454592	0.6617647059	5.814063118751603E-4	0.856174073	0.7329908671	0.0435689843
0.0227197725	0.6117583612	0.1021745094	0.1013557912	0.1166666667	0.5563987805	0.3672874339	0.390911001	0.1022403067
0.1004088286	0.7044579808	0.0692815413	0.1114439363	0.0956521739	0.4389801757	0.5584431644	0.4404845073	0.087081878
0	0.6117160685	0.1715961946	0.1004002142	0.1092436975	0.500739758	0.5235331429	0.4129624457	0.0781665452
0.0224002548	0.7112751365	0.0439832639	0.1095420528	0.1315789474	0.3854259862	0.6633633048	0.4029879437	0.0151508377
0.0419534201	0.5832579546	0.0537597534	0.1011320422	0.1525423729	0.5692767888	0.4166256414	0.4537302814	0.0126288072
0.0575228475	0.6301897775	0.039905197	0.0981081576	0.0695652174	0.6466936154	0.4661393947	0.3943703704	2.29517234281016E-5
0.318606852	0.6430502778	0.0676415534	0.0937263642	0.1171171171	0.5407940029	0.449447981	0.3291896124	0.0992003145
0.1106531742	0.6495930808	0.1126253445	0.1036271802	0.1308411215	0.5737308645	0.4789266579	0.5252027963	0.0889923608
0.8190313358	0.8160577868	0.0656315572	0.1168363677	0.1971830986	0.2044087599	0.5228073365	0.614125	0.0675229929
0.842385208	0.8024699707	0.0701453997	0.1349205433	0.4393939394	0.2024668112	0.4535582157	0.5911932853	0.0112284122
0.0467477095	0.6701580373	0.0401877433	0.1081605456	0.1081081081	0.5402282367	0.364519391	0.3696006513	0.0144672879
0.466186637	0.7698791075	0.0881451128	0.1119272766	0.1075268817	0.6459584399	0.3881986589	0.4570138985	0.0237063252
0.0290608797	0.6322169457	0.2499776642	0.1193545326	0.2395833333	0.5020183528	0.4195594259	0.5071546064	0.0015645692
0.4106566825	0.8803482936	0.1685360975	0.0864055813	0.8139534884	9.117465772528109E-4	0.8442153206	0.857375	0.0024349327
0.1593349983	0.6639836522	0.086424301	0.0784779282	0.141509434	0.4928141479	0.5213188948	0.4422848504	0.0242537355
0.4353362565	0.7836277111	0.1746681645	0.1381610463	0.2804878049	0.3242378949	0.5001327835	0.6297376093	0.0270764234
0.3342794893	0.740895444	0.0417033723	0.1097969554	0.0306122449	0.6706816791	0.3120461476	0.3528936296	0.0942911943
0.5214613909	0.8390800015	0.068172706	0.1301381435	0.3492063492	0.4630290815	0.4517840992	0.572177032	0.0429953829
0.0987073805	0.7623973673	0.4866372485	0.063825736	0.8333333333	2.0790100675740518E-4	0.7727729188	0.8869062427	0.0049362442
0.2330566225	0.8697762155	0.1874283487	0.0824785741	0.8085106383	8.402835201091148E-4	0.8706328709	0.8697407964	0.0021331755
0.1040302067	0.682720444	0.1282406474	0.1268978679	0.523255814	0.59347361	0.4300705862	0.650962963	0.1132248205
0.0900127679	0.5821535788	0.0516464648	0.0835469037	0.0733944954	0.6096559933	0.4722336949	0.3591879494	0.0198721147
0.0438957981	0.6229968226	0.0586933057	0.0922961346	0.1101694915	0.6095514131	0.4067995097	0.4920542353	0.0080904963
0.0812085676	0.6395239644	0.0672170367	0.0973981485	0.1061946903	0.4997172694	0.437957079	0.4078136769	1.5053150371815471E-5
0.4766291987	0.7613931934	0.0808455226	0.0957562227	0.1028037383	0.5293540128	0.4024887526	0.4168125543	8.143769659843232E-5
0	0.6312279455	0.0413034091	0.0914989261	0.0775862069	0.5383951217	0.4196459892	0.5160104257	0.007147379
0.0901152073	0.7279358695	0.0612751479	0.0932107003	0.0347826087	0.4943444997	0.4536602513	0.3497253005	0.0266339845
0.1073679056	0.5545501366	0.0809265204	0.0891726632	0.0614035088	0.4650734227	0.4750488886	0.3124544461	0.0138799332
0.7805764858	0.8183077189	0.0393950172	0.090975935	0.1506849315	0.4384131055	0.5358645944	0.4365902661	3.7572062777599266E-4
